nom,issn,domaine,rang_2011,rang_2013,rang_2016,rang_2019,rang_2022
'@GRH,2034-9130,HRM,,,,,3
@grh,2034-9130,HRM,,4,3,3,
ABACUS,0001-3072,ACC,,,,,2
ACADEMY OF MANAGEMENT ANNALS,1941-6520,GEN MAN,,,,,1
ACADEMY OF MANAGEMENT DISCOVERIES,2168-1007,GEN MAN,,,,,4
ACADEMY OF MANAGEMENT JOURNAL,0001-4273,GEN MAN,,,,,1*
ACADEMY OF MANAGEMENT LEARNING AND EDUCATION,1537-260X,GEN MAN,,,,,1
ACADEMY OF MANAGEMENT PERSPECTIVES,1558-9080,GEN MAN,,,,,2
ACADEMY OF MANAGEMENT REVIEW,0363-7425,GEN MAN,,,,,1*
ACCOUNTING AND BUSINESS RESEARCH,0001-4788,ACC,,,,,3
ACCOUNTING AND FINANCE,0810-5391,ACC,,,,,3
ACCOUNTING FORUM,0155-9982,ACC,,,,,4
ACCOUNTING HISTORIANS JOURNAL,0148-4184,BUS HIST,,,,,4
ACCOUNTING HISTORY,1032-3732,BUS HIST,,,,,3
"ACCOUNTING HISTORY REVIEW (Formerly: Accounting, Business and Financial History)",2155-2851,BUS HIST,,,,,3
ACCOUNTING HORIZONS,0888-7993,ACC,,,,,2
ACCOUNTING IN EUROPE,1744-9480,ACC,,,,,3
ACCOUNTING REVIEW (THE),0001-4826,ACC,,,,,1*
"ACCOUNTING, AUDITING AND ACCOUNTABILITY JOURNAL",0951-3574,ACC,,,,,2
"ACCOUNTING, ORGANIZATION AND SOCIETY",0361-3682,ACC,,,,,1*
ACCRA (AUDIT COMPTABILITE CONTRÔLE : RECHERCHES APPLIQUÉES),en cours,ACC,,,,,4
ACM TRANSACTIONS ON COMPUTER-HUMAN INTERACTION,1073-0516,MIS,,,,,3
"ACM Transactions on Computer-
Human Interaction",1073-0516,MIS,,,3,3,
"ACM Transactions on Human 
Computer Interaction",1073-0516,MIS,,4,,,
"ACM Transactions on Human Computer 
Interaction",1073-0516,SI,4,,,,
ACTION RESEARCH,1476-7503,SOC,,,,,4
ADMINISTRATION AND SOCIETY,0095-3997,PUB SEC,,,,,3
ADMINISTRATIVE SCIENCE QUARTERLY,0001-8392,ORG STUD,,,,,1*
ADVANCES IN ACCOUNTING (Incorporating: Advances in International Accounting),0882-6110,ACC,,,,,3
ADVANCES IN STRATEGIC MANAGEMENT,0742-3322,STRAT,,,,,3
AFRICA JOURNAL OF MANAGEMENT,2332-2373,GEN MAN,,,,,4
AMERICAN ECONOMIC JOURNAL: APPLIED ECONOMICS,1945-7782,ECON,,,,,1
AMERICAN ECONOMIC JOURNAL: ECONOMIC POLICY,1945-7731,ECON,,,,,1
AMERICAN ECONOMIC JOURNAL: MACROECONOMICS,1945-7707,ECON,,,,,1
AMERICAN ECONOMIC JOURNAL: MICROECONOMICS,1945-7669,ECON,,,,,2
AMERICAN ECONOMIC REVIEW,0002-8282,ECON,,,,,1*
AMERICAN JOURNAL OF MANAGED CARE,1088-0224,HLTH,,,,,4
AMERICAN JOURNAL OF MEDICAL QUALITY,1062-8606,HLTH,,,,,4
AMERICAN JOURNAL OF SOCIOLOGY,0002-9602,SOC,,,,,1
AMERICAN REVIEW OF PUBLIC ADMINISTRATION,0275-0740,PUB SEC,,,,,3
AMERICAN SOCIOLOGICAL REVIEW,0003-1224,SOC,,,,,1
ANNALS OF FINANCE,1614-2446,FIN,,,,,4
ANNALS OF OPERATIONS RESEARCH,0254-5330,LOG,,,,,2
ANNALS OF PUBLIC AND COOPERATIVE ECONOMICS,1370-4788,PUB SEC,,,,,4
ANNALS OF REGIONAL SCIENCE,0570-1864,REG&ENV,,,,,4
ANNALS OF TOURISM RESEARCH,0160-7383,SECTOR,,,,,2
ANNUAL REVIEW OF ORGANIZATIONAL PSYCHOLOGY AND ORGANIZATIONAL BEHAVIOR,2327-0608,ORG STUD,,,,,4
ANNUAL REVIEW OF SOCIOLOGY,0360-0572,SOC,,,,,2
APPLIED ECONOMICS,0003-6846,ECON,,,,,3
APPLIED FINANCIAL ECONOMICS,0960-3107,FIN,,,,,4
APPLIED MATHEMATICAL FINANCE,1350-486X,FIN,,,,,4
APPLIED PSYCHOLOGY: AN INTERNATIONAL REVIEW,0269-994X,PSY,,,,,2
ASIA PACIFIC BUSINESS REVIEW,1360-2381,STRAT,,,,,4
ASIA PACIFIC JOURNAL OF HUMAN RESOURCES,1038-4111,HRM,,,,,4
ASIA PACIFIC JOURNAL OF MANAGEMENT,0217-4561,GEN MAN,,,,,3
ASIA-PACIFIC JOURNAL OF ACCOUNTING AND ECONOMICS,1608-1625,ACC,,,,,4
ASIAN BUSINESS AND MANAGEMENT,1472-4782,GEN MAN,,,,,4
ASTIN BULLETIN,0515-0361,FIN,,,,,3
ASTIN Bulletin,0515-0361,FIN,,,,3,
"ASTIN Bulletin: Journal of the 
International Actuarial Association",0515-0361,FIN,,3,3,,
"ASTIN Bulletin: Journal of the International 
Actuarial Association",0515-0361,Fin,3,,,,
"AUDITING, A JOURNAL OF PRACTICE AND THEORY",0278-0380,ACC,,,,,2
AUSTRALIAN ACCOUNTING REVIEW,1035-6908,ACC,,,,,4
AUSTRALIAN JOURNAL OF MANAGEMENT,0312-8962,GEN MAN,,,,,4
Abacus,0001-3072,ACC,,2,,2,
Abacus,0001-3072,CPT,3,,,,
"Abacus: A Journal of Accounting, 
Finance and Business Studies",0001-3072,ACC,,,2,,
"Academy of Management 
Perspectives",1558-9080,GEN MAN,,2,1,2,
Academy of Management Annals,1941-6520,GEN MAN,,3,1,1,
Academy of Management Journal,0001-4273,GEN MAN,,1,1,1,
Academy of Management Journal,0001-4273,MgtGen,1,,,,
"Academy of Management Learning 
and Education",1537-260X,GEN MAN,,,2,2,
Academy of Management Review,0363-7425,GEN MAN,,1*,1*,1*,
Academy of Management Review,0363-7425,MgtGen,1*,,,,
"Accounting Auditing and 
Accountability Journal",0951-3574,ACC,,3,,,
Accounting Auditing and Accountability Journal,0951-3574,CPT,3,,,,
Accounting Historians Journal,0148-4184,"ACC / BUS 
HIST",,3,4,,
Accounting Historians Journal,0148-4184,"ACC/BUS 
HIST",,,,4,
Accounting Historians Journal,0148-4184,CPT/HPM,3,,,,
Accounting History,1032-3732,"ACC / BUS 
HIST",,4,3,,
Accounting History,1032-3732,"ACC/BUS 
HIST",,,,3,
Accounting History,1032-3732,CPT/HPM,4,,,,
Accounting History Review,2155-2851,"BUS HIST/
ACC",,,,3,
"Accounting History Review 
(ex : Accounting, Business and 
Financial History)",2155-2851,"BUS HIST /
ACC",,3,,,
"Accounting History Review 
(ex Accounting, Business and 
Financial History)",2155-2851,"ACC / BUS 
HIST",,,3,,
"Accounting History Review (ex : Accounting, 
Business and Financial History)",2155-2851,HPM & CPT,3,,,,
Accounting Horizons,0888-7993,ACC,,2,2,2,
Accounting Horizons,0888-7993,CPT,3,,,,
Accounting Review,0001-4826,ACC,,1*,,,
Accounting Review,0001-4826,CPT,1*,,,,
Accounting and Business Research,0001-4788,ACC,,3,3,3,
Accounting and Business Research,0001-4788,CPT,3,,,,
Accounting and Finance,0810-5391,ACC,,3,3,3,
Accounting and Finance,0810-5391,CPT,4,,,,
Accounting in Europe,1744-9480,ACC,,4,4,4,
"Accounting, Auditing & Accountability 
Journal",0951-3574,ACC,,,3,2,
"Accounting, Organization 
and Society",0361-3682,ACC,,1,,,
"Accounting, Organization and Society",0361-3682,ACC,,,1,1,
"Accounting, Organization and Society",0361-3682,CPT,1,,,,
Action Research,1476-7503,GEN MAN,,,4,,
Administration and Society,0095-3997,PUB SEC,,2,3,3,
Administration and Society,0095-3997,Publique,2,,,,
Administrative Science Quarterly,0001-8392,ORG STUD,,1*,1*,1*,
Administrative Science Quarterly,0001-8392,THO,1*,,,,
Advances in Accounting,0882-6110,ACC,,,,3,
Advances in International Accounting,0897-3660,ACC,,3,3,,
Advances in International Accounting,0897-3660,CPT,3,,,,
Advances in Strategic Management,0742-3322,STRAT,,3,3,3,
Advances in Strategic Management,0742-3322,Strat,2,,,,
American Journal of Managed Care,1088-0224,HLTH,,2,3,4,
American Journal of Medical Quality,1062-8606,HLTH,,3,3,4,
American Journal of Medical Quality,1062-8606,Santé,3,,,,
"American Review of Public
Administration",0275-0740,PUB SEC,,4,,,
"American Review of Public 
Administration",0275-0740,PUB SEC,,,4,3,
Annals of Finance,1614-2446,FIN,,4,4,4,
Annals of Finance,1614-2446,Fin,4,,,,
Annals of Operations Research,0254-5330,LOG,,,,2,
"Annals of Public and Cooperative 
Economics",1467-8292,PUB SEC,,4,4,4,
Annals of Tourism Research,0160-7383,GEN MAN,,,2,,
Annals of Tourism Research,0160-7383,TOUR,,,,2,
"Annual Review of Organizational 
Psychology and Organizational Behavior",2327-0608,ORG STUD,,,,4,
Applied Financial Economics,0960-3107,FIN,,4,4,4,
Applied Financial Economics,0960-3107,Fin,4,,,,
Applied Health Economics and Policy,1175-5652,Santé,4,,,,
Applied Mathematical Finance,1350-486X,FIN,,4,4,4,
"Applied Psychology: An International 
Review",0269-994X,APP PSY/SOC,,,,3,
Asia Pacific Business Review,1360-2381,STRAT,,3,3,4,
Asia Pacific Business Review,1360-2381,Strat,3,,,,
"Asia Pacific Journal of 
Human Resources",1038-4111,HRM,,4,,,
"Asia Pacific Journal of Human 
Resources",1038-4111,HRM,,,,4,
Asia Pacific Journal of Human Resources,1038-4111,GRH,4,,,,
Asia Pacific Journal of Human Resources,1038-4111,HRM,,,4,,
Asia Pacific Journal of Management,0217-4561,GEN MAN,,3,3,3,
Asia Pacific Journal of Management,0217-4561,MgtGen,4,,,,
"Auditing, A Journal of Practice 
and Theory",0278-0380,ACC,,2,,,
"Auditing, A Journal of Practice and 
Theory",0278-0380,ACC,,,2,2,
"Auditing, A Journal of Practice and Theory",0278-0380,CPT,2,,,,
BALTIC JOURNAL OF MANAGEMENT,1746-5265,GEN MAN,,,,,4
"BANKERS, MARKETS AND INVESTORS",2101-9304,FIN,,,,,4
BEHAVIORAL RESEARCH IN ACCOUNTING,1050-4753,ACC,,,,,3
BMC HEALTH SERVICES RESEARCH,1472-6963,HLTH,,,,,4
BMC Health Services Research,1472-6963,HLTH,,3,3,3,
BMC Health Services Research,1472-6963,Santé,3,,,,
BMJ QUALITY AND SAFETY (ORIGINAL RESEARCH),2044-5415,HLTH,,,,,2
BMJ Quality and Safety,2044-5415,HLTH,,,2,,
"BMJ Quality and Safety 
(Original research)",2044-5415,HLTH,,,,2,
BRITISH ACCOUNTING REVIEW,0890-8389,ACC,,,,,3
BRITISH FOOD JOURNAL,0007-070X,SECTOR,,,,,4
BRITISH JOURNAL OF INDUSTRIAL RELATIONS,0007-1080,HRM,,,,,2
BRITISH JOURNAL OF MANAGEMENT,1045-3172,GEN MAN,,,,,1
BRITISH JOURNAL OF SOCIOLOGY,0007-1315,SOC,,,,,3
BROOKINGS PAPERS ON ECONOMIC ACTIVITY,0007-2303,ECON,,,,,2
BUILDING RESEARCH AND INFORMATION,0961-3218,SECTOR,,,,,4
BULLETIN OF THE WORLD HEALTH ORGANIZATION,0042-9686,HLTH,,,,,4
BUSINESS AND INFORMATION SYSTEMS ENGINEERING (BISE) (Formerly: Wirtschaftsinformatik (WI)),1867-0202,MIS,,,,,4
BUSINESS AND POLITICS,1469-3569,GEN MAN,,,,,4
BUSINESS AND PROFESSIONAL ETHICS JOURNAL,0277-2027,GEN MAN,,,,,4
BUSINESS AND SOCIETY,0007-6503,STRAT,,,,,2
"BUSINESS ETHICS QUARTERLY Business Ethics, the Environment and Responsibility",1052-150X,HRM,,,,,2
BUSINESS ETHICS: A EUROPEAN REVIEW,0962-8770,HRM,,,,,3
BUSINESS HISTORY,0007-6791,BUS HIST,,,,,2
BUSINESS HISTORY REVIEW,0007-6805,BUS HIST,,,,,3
BUSINESS HORIZONS,0007-6813,GEN MAN,,,,,3
BUSINESS PROCESS MANAGEMENT JOURNAL,1463-7154,MIS,,,,,4
BUSINESS STRATEGY AND THE ENVIRONMENT,0964-4733,STRAT,,,,,3
"Bankers, Markets & Invetors (ex Banque et 
Marchés)",1167-4946,Fin,3,,,,
"Bankers, Markets and Investors",1167-4946,FIN,,3,3,3,
Behavioral Research in Accounting,1050-4753,ACC,,3,3,3,
Behavioral Research in Accounting,1050-4753,CPT,3,,,,
British Accounting Review,0890-8389,ACC,,3,3,3,
British Accounting Review,0890-8389,CPT,3,,,,
British Journal of Industrial Relations,0007-1080,GRH,2,,,,
British Journal of Industrial Relations,0007-1080,HRM,,2,2,2,
British Journal of Management,1045-3172,GEN MAN,,2,2,2,
British Journal of Management,1045-3172,MgtGen,2,,,,
"British Medical Journal Quality and 
Safety",1475-3898,HLTH,,3,,,
Bulletin Français d'Actuariat,1779-7160,FIN,,4,4,4,
Bulletin Français d'Actuariat,1779-7160,Fin,4,,,,
"Bulletin of the World 
Health Organization",0042-9686,HLTH,,3,,,
"Bulletin of the World Health 
Organization",0042-9686,HLTH,,,3,3,
Bulletin of the World Health Organization,0042-9686,Santé,3,,,,
Business Ethics Quarterly,1052-150X,GRH,4,,,,
Business Ethics Quarterly,1052-150X,HRM,,2,2,2,
Business Ethics: A European Review,0962-8770,HRM,,4,4,3,
Business Ethics: a European review,1467-8594,GRH,4,,,,
Business History,0007-6791,BUS HIST,,2,2,2,
Business History,0007-6791,HPM,2,,,,
Business History Review,0007-6805,BUS HIST,,3,3,3,
Business History Review,0007-6805,HPM,3,,,,
Business Horizons,0007-6813,GEN MAN,,,,3,
"Business Process Management 
Journal",1463-7154,MIS,,3,,3,
Business Process Management Journal,1463-7154,MIS,,,3,,
Business Process Management Journal,1463-7154,SI,3,,,,
"Business Strategy and 
the Environment",0964-4733,STRAT,,3,,,
"Business Strategy and the 
Environment",0964-4733,STRAT,,,,3,
Business Strategy and the Environment,0964-4733,STRAT,,,3,,
Business Strategy and the Environment,0964-4733,Strat,4,,,,
"Business and Information Systems 
Engineering",1867-0202,MIS,,,,3,
"Business and Information Systems 
Engineering (Wirtschaftsinformatik)",1867-0202,MIS,,,4,,
"Business and Information Systems 
Engineering (wirtschaftsinformatik)",1867-0202,MIS,,4,,,
"Business and Information Systems Engineering 
(wirtschaftsinformatik)",1867-0202,SI,4,,,,
Business and Society,0007-6503,STRAT,,4,3,2,
Business and Society,0007-6503,Strat,4,,,,
CALIFORNIA MANAGEMENT REVIEW,0008-1256,GEN MAN,,,,,2
CAMBRIDGE JOURNAL OF ECONOMICS,0309-166X,ECON,,,,,3
CANADIAN JOURNAL OF ADMINISTRATIVE SCIENCES / REVUE CANADIENNE DES SCIENCES DE L'ADMINISTRATION,0825-0383,GEN MAN,,,,,3
CAREER DEVELOPMENT INTERNATIONAL,1362-0436,HRM,,,,,4
CAREER DEVELOPMENT QUARTERLY,0889-4019,HRM,,,,,4
COMMUNICATION ET MANAGEMENT,1779-3572,GEN MAN,,,,,4
COMMUNICATION ET ORGANISATION,1168-5549,GEN MAN,,,,,EM
COMMUNICATIONS OF THE ASSOCIATION FOR INFORMATION SYSTEMS,1529-3181,MIS,,,,,4
COMPETITION AND CHANGE,1024-5294,GEN MAN,,,,,3
COMPTABILITE - CONTRÔLE - AUDIT,1262-2788,ACC,,,,,2
COMPUTERS & INDUSTRIAL ENGINEERING,0360-8352,MIS,,,,,3
"CONSUMPTION, MARKETS AND CULTURE",1025-3866,MKG,,,,,3
CONTEMPORARY ACCOUNTING RESEARCH,0823-9150,ACC,,,,,1
CORPORATE GOVERNANCE: AN INTERNATIONAL REVIEW,0964-8410,GEN MAN,,,,,3
CORPORATE SOCIAL RESPONSIBILITY AND ENVIRONMENTAL MANAGEMENT,1535-3958,GEN MAN,,,,,3
CREATIVITY AND INNOVATION MANAGEMENT,0963-1690,INNOV,,,,,3
CREATIVITY RESEARCH JOURNAL,1040-0419,PSY,,,,,4
CRITICAL PERSPECTIVES ON ACCOUNTING,1045-2354,ACC,,,,,2
CRITICAL PERSPECTIVES ON INTERNATIONAL BUSINESS,1742-2043,STRAT,,,,,4
CROSS-CULTURAL MANAGEMENT: AN INTERNATIONAL JOURNAL (Formely: Cross Cultural & Strategic Management),2059-5794,STRAT,,,,,4
CULTURE AND ORGANIZATION,1475-9551,ORG STUD,,,,,4
CURRENT ISSUES IN TOURISM,1368-3500,SECTOR,,,,,3
CURRENT SOCIOLOGY,0268-5809,SOC,,,,,4
Cahiers Scientifiques du Transport,1150-8809,LOG,,4,4,4,
California Management Review,0008-1256,GEN MAN,,,2,2,
"Canadian Journal of Administrative 
Sciences - Revue Canadienne des 
Sciences Administratives",0825-0383,GEN MAN,,3,,,
"Canadian Journal of Administrative 
Sciences - Revue Canadienne des 
Sciences de l'Administration",0825-0383,GEN MAN,,,3,3,
"Canadian Journal of Administrative Sciences - 
Revue Canadienne des Sciences Administratives",0825-0383,MgtGen,3,,,,
Career Development International,1362-0436,HRM,,4,4,4,
Communication et Management,1779-3572,GEN MAN,,,,4,
Communication of the AIS,1529-3181,MIS,,4,,,
Communication of the AIS,1529-3181,SI,4,,,,
"Communications & Strategies -  
DigiWorld Economic Journal",1157-8637,STRAT,,4,,,
Communications et Stratégies,1157-8637,Strat,4,,,,
"Communications of the Association 
for Information Systems",1529-3181,MIS,,,4,4,
Competition and Change,1024-5294,GEN MAN,,3,3,3,
Competition and Change,1024-5294,MgtGen,3,,,,
"Comptabilité, Contrôle, Audit",1262-2788,ACC,,2,2,2,
"Comptabilité, Contrôle, Audit",1262-2788,CPT,2,,,,
Computers & Industrial Engineering,0360-8352,LOG,,,3,,
Computers & Industrial Engineering,0360-8352,MIS,,,,3,
Computers Industrial Engineering,0360-8352,Log,3,,,,
"Computers and Industrial 
Engineering",0360-8352,LOG,,3,,,
Consumption Markets & Culture,1025-3866,MKG,,,4,3,
"Consumption, Markets & Culture",1025-3866,MKG,,4,,,
"Consumption, Markets & Culture",1025-3866,Mkg,4,,,,
Contemporary Accounting Research,0823-9150,ACC,,1,1,1,
Contemporary Accounting Research,8239150,CPT,1,,,,
Cornell Hospitality Quarterly,1938-9663,SECTOR,,,,,4
"Corporate Governance : 
An International review",0964-8410,"GEN MAN /
FIN",,3,,,
Corporate Governance : An International review,0964-8410,MgtGen/Fin,3,,,,
"Corporate Governance: 
An International Review",0964-8410,"GEN MAN /
FIN",,,3,,
"Corporate Governance: 
An International Review",0964-8410,"GEN MAN/
FIN",,,,3,
"Corporate Social Responsibility 
and Environmental Management",1535-3966,GEN MAN,,,,3,
"Corporate Social Responsibility and 
Environmental Management",1535-3966,GEN MAN,,,3,,
Creativity Research Journal,1040-0419,APP PSY/SOC,,,,4,
"Creativity and Innovation 
Management",0963-1690,INNOV,,4,,3,
Creativity and Innovation Management,0963-1690,INNOV,,,3,,
Creativity and Innovation Management,0963-1690,Innov,4,,,,
"Critical Perspectives on 
International Business",1742-2043,STRAT,,,,4,
Critical Perspectives on Accounting,1045-2354,ACC,,3,3,2,
Critical Perspectives on Accounting,1045-2354,CPT,3,,,,
"Critical Perspectives on International 
Business",1742-2043,STRAT,,4,4,,
Critical Perspectives on International Business,1742-2043,Strat,4,,,,
"Cross Cultural & Strategic 
Management",2059-5794,STRAT,,,,4,
"Cross Cultural Management: 
An International Journal",1352-7606,STRAT,,4,4,,
"Cross Cultural Management: An International 
Journal",1352-7606,Strat,4,,,,
Culture and Organization,1475-9551,ORG STUD,,4,4,4,
Culture and Organization,1475-9551,THO,4,,,,
Current Issues in Tourism,1368-3500,TOUR,,,,3,
DATABASE FOR ADVANCES IN INFORMATION SYSTEMS,1532-0936,MIS,,,,,4
DECISION SCIENCES,0011-7315,MIS,,,,,2
DECISION SUPPORT SYSTEMS,0167-9236,MIS,,,,,2
DECISIONS MARKETING,0779-7389,MKG,,,,,3
DEVELOPMENT AND CHANGE,0012-155X,SOC,,,,,3
"Data Base for Advances 
in Information Systems",1532-0936,MIS,,,,4,
"Data Base for Advances in 
Information Systems",1532-0936,MIS,,,3,,
"Database for Advances
in Information Systems",1532-0936,MIS,,3,,,
Database for Advances in Information Systems,1532-0936,SI,3,,,,
Decision Sciences,0011-7315,MIS/LOG,,,,2,
Decision Support Systems,0167-9236,MIS,,2,1,1,
Decision Support Systems,0167-9236,SI,2,,,,
Décisions Marketing,0779-7389,MKG,,3,3,3,
Décisions Marketing,0779-7389,Mkg,3,,,,
ECOLOGICAL ECONOMICS,1989-2021,ECON,,,,,2
ECONOMETRIC REVIEWS,0747-4938,ECON,,,,,3
ECONOMETRIC THEORY,0266-4666,ECON,,,,,1
ECONOMETRICA,0012-9682,ECON,,,,,1*
ECONOMETRICS JOURNAL,1368-4221,ECON,,,,,3
ECONOMIC AND INDUSTRIAL DEMOCRACY,0143-831X,HRM,,,,,3
ECONOMIC GEOGRAPHY,0013-0095,REG&ENV,,,,,1
ECONOMIC INQUIRY,0095-2583,ECON,,,,,3
ECONOMIC JOURNAL,0013-0133,ECON,,,,,1
ECONOMIC MODELLING,0264-9993,ECON,,,,,3
ECONOMICA,0013-0427,ECON,,,,,3
ECONOMICS LETTERS,0165-1765,ECON,,,,,3
ECONOMICS OF INNOVATION AND NEW TECHNOLOGY,1043-8599,INNOV,,,,,4
ECONOMY AND SOCIETY,0308-5147,SOC,,,,,3
ELECTRONIC COMMERCE RESEARCH,1389-5753,MKG,,,,,4
ELECTRONIC COMMERCE RESEARCH AND APPLICATIONS,1567-4223,GEN MAN,,,,,4
ELECTRONIC MARKETS,1019-6781,MIS,,,,,3
EMERGING MARKETS FINANCE AND TRADE,1540-496X,FIN,,,,,4
EMERGING MARKETS REVIEW,1566-0141,FIN,,,,,3
EMPLOYEE RELATIONS,0142-5455,HRM,,,,,3
ENERGY ECONOMICS,0140-9883,ECON,,,,,2
ENERGY JOURNAL,0195-6574,SECTOR,,,,,2
ENERGY POLICY,0301-4215,SECTOR,,,,,2
"ENGINEERING, CONSTRUCTION AND ARCHITECTURAL MANAGEMENT",0969-9988,SECTOR,,,,,4
ENTERPRISE & SOCIETY,1467-2227,BUS HIST,,,,,3
ENTREPRENDRE & INNOVER,2034-7634,INNOV,,,,,4
ENTREPRENEURSHIP AND REGIONAL DEVELOPMENT,0898-5626,INNOV,,,,,2
ENTREPRENEURSHIP RESEARCH JOURNAL,2157-5665,INNOV,,,,,4
ENTREPRENEURSHIP THEORY AND PRACTICE,1042-2587,INNOV,,,,,1
ENTREPRISE & SOCIETE,2553-7830,GEN MAN,,,,,4
ENTREPRISES ET HISTOIRE,1161-2770,BUS HIST,,,,,3
ENVIRONMENT AND PLANNING A,0308-518X,REG&ENV,,,,,2
ENVIRONMENT AND PLANNING D,1472-3433,SOC,,,,,4
ENVIRONMENTAL AND RESOURCE ECONOMICS,0924-6460,ECON,,,,,2
ENVIRONMENTAL MANAGEMENT,0364-152X,SECTOR,,,,,4
"EQUALITY, DIVERSITY AND INCLUSION: AN INTERNATIONAL JOURNAL",0261-0159,HRM,,,,,4
EURASIAN BUSINESS REVIEW,1309-4297,GEN MAN,,,,,4
EUROPE-ASIA STUDIES,0966-8136,SOC,,,,,4
EUROPEAN ACCOUNTING REVIEW,0963-8180,ACC,,,,,2
EUROPEAN BUSINESS REVIEW,0955-534X,GEN MAN,,,,,3
EUROPEAN ECONOMIC REVIEW,0014-2921,ECON,,,,,2
EUROPEAN FINANCIAL MANAGEMENT,1354-7798,FIN,,,,,3
EUROPEAN JOURNAL OF INDUSTRIAL RELATIONS,0959-6801,HRM,,,,,3
EUROPEAN JOURNAL OF INFORMATION SYSTEMS,0960-085X,MIS,,,,,1
EUROPEAN JOURNAL OF INNOVATION MANAGEMENT,1460-1060,INNOV,,,,,4
EUROPEAN JOURNAL OF INTERNATIONAL MANAGEMENT,1751-6757,GEN MAN,,,,,4
EUROPEAN JOURNAL OF MARKETING,0309-0566,MKG,,,,,2
EUROPEAN JOURNAL OF OPERATIONAL RESEARCH,0377-2217,LOG,,,,,1
EUROPEAN JOURNAL OF POLITICAL ECONOMY,0176-2680,ECON,,,,,3
EUROPEAN JOURNAL OF PUBLIC HEALTH,1101-1262,HLTH,,,,,3
EUROPEAN JOURNAL OF THE HISTORY OF ECONOMIC THOUGHT,0967-2567,BUS HIST,,,,,3
EUROPEAN JOURNAL OF WORK & ORGANIZATIONAL PSYCHOLOGY,1359-432X,HRM,,,,,3
EUROPEAN MANAGEMENT JOURNAL,0263-2373,GEN MAN,,,,,3
EUROPEAN MANAGEMENT REVIEW,1740-4754,GEN MAN,,,,,2
EUROPEAN PLANNING STUDIES,0965-4313,REG&ENV,,,,,4
EXPERT SYSTEMS WITH APPLICATIONS,0957-4174,MIS,,,,,3
Economic and Industrial Democracy,0143-831X,HRM,,,,3,
"Economics of Innovation 
and New Technology",1043-8599,INNOV,,,,4,
"Economics of Innovation and New 
Technology",1043-8599,INNOV,,2,3,,
Economics of Innovation and New Technology,1043-8599,Innov,2,,,,
"Economie et Société série Economie de 
l'Entreprise",1760-8864,THO,4,,,,
"Economies et Sociétés - Série AG 
(Systèmes Agroalimentaires)",0013-0567,STRAT,,4,4,,
"Economies et Sociétés - Série KC 
(Etudes critiques en Management)",0013-0567,GEN MAN,,,4,,
"Economies et Sociétés - Série KC 
(Série «Etudes critiques en Management»)",0013-0567,GEN MAN,,4,,,
"Electronic Commerce Research 
and Applications",1567-4223,GEN MAN,,,,3,
"Electronic Commerce Research and 
Applications",1567-4223,GEN MAN,,4,3,,
Electronic Commerce Research and Applications,1567-4223,MgtGen,4,,,,
"Electronic Journal of Information 
Systems Evaluation",1566-6379,MIS,,4,4,,
"Electronic Journal of Information Systems 
Evaluation",1566-6379,SI,4,,,,
Electronic Markets,1019-6781,MIS,,3,3,3,
Electronic Markets,1019-6781,SI,3,,,,
Emerging Markets Review,1566-0141,FIN,,,,3,
Employee Relations,0142-5455,GRH,4,,,,
Employee Relations,0142-5455,HRM,,4,3,3,
Enterprise & Society,1467-2227,BUS HIST,,,,3,
Enterprise and Society,1467-2227,BUS HIST,,3,3,,
Enterprise and Society,1467-2227,HPM,3,,,,
Entreprendre & Innover,2034-7634,INNOV,,,,4,
Entreprendre et Innover,2034-7634,INNOV,,,4,,
"Entrepreneurship 
and Regional Development",0898-5626,INNOV,,,,2,
Entrepreneurship Research Journal,2157-5665,INNOV,,,,4,
"Entrepreneurship and Regional 
Development",0898-5626,INNOV,,3,3,,
Entrepreneurship and Regional Development,0898-5626,Innov,3,,,,
"Entrepreneurship: 
Theory and Practice",1042-2587,INNOV,,1,,1,
Entrepreneurship: Theory and Practice,1042-2587,INNOV,,,1,,
Entrepreneurship: Theory and Practice,1042-2587,Innov,1,,,,
Entreprise et Histoire,1161-2770,BUS HIST,,4,4,,
Entreprise et Histoire,1161-2770,HPM,4,,,,
Entreprises et Histoire,1161-2770,BUS HIST,,,,4,
Europe-Asia Studies,0966-8136,GEN MAN,,4,4,4,
European Accounting Review,0963-8180,ACC,,2,2,2,
European Accounting Review,0963-8180,CPT,2,,,,
European Business Review,0955-534X,GEN MAN,,3,3,3,
European Business Review,0955-534X,MgtGen,3,,,,
European Financial Management,1354-7798,FIN,,3,3,3,
European Financial Management,1354-7798,Fin,3,,,,
"European Journal of Industrial 
Relations",0959-6801,HRM,,3,3,3,
European Journal of Industrial Relations,0959-6801,GRH,3,,,,
"European Journal of Information 
Systems",0960-085X,MIS,,1,1,1,
European Journal of Information Systems,0960-085X,SI,1,,,,
"European Journal of Innovation 
Management",1460-1060,INNOV,,4,4,4,
European Journal of Innovation Management,1460-1060,Innov,4,,,,
"European Journal of International 
Management",1751- 6757,GEN MAN,,,4,,
"European Journal of International 
Management",1751-6757,GEN MAN,,,,4,
European Journal of Marketing,0309-0566,MKG,,3,3,3,
European Journal of Marketing,0309-0566,Mkg,3,,,,
"European Journal of Operational 
Research",0377-2217,LOG,,,1,1,
European Journal of Public Health,1101-1262,HLTH,,3,3,3,
European Journal of Public Health,1101-1262,Santé,3,,,,
"European Journal of The History of 
Economic Thought",0967-2567,BUS HIST,,3,,,
"European Journal of The History of Economic 
Thought",0967-2567,HPM,2,,,,
"European Journal of Work & 
Organizational Psychology",1359-432X,HRM,,3,,3,
"European Journal of Work & Organizational 
Psychology",1359-432X,GRH,4,,,,
"European Journal of Work and 
Organizational Psychology",1359-432X,HRM,,,3,,
"European Journal of the History 
of Economic Thought",0967-2567,BUS HIST,,,,3,
"European Journal of the History of 
Economic Thought",0967-2567,BUS HIST,,,3,,
European Management Journal,0263-2373,GEN MAN,,3,3,3,
European Management Journal,0263-2373,MgtGen,3,,,,
European Management Review,1740-4754,GEN MAN,,2,2,2,
European Management Review,1740-4754,MgtGen,2,,,,
Evaluation,1356-3890,PUB SEC,,3,,,
Evaluation,1356-3890,Publique,3,,,,
"Evaluation: The International Journal 
of Theory, Research and Practice",1356-3890,PUB SEC,,,,3,
"Evaluation: The International Journal of Theory, Research and Practice",1356-3890,PUB SEC,,,,,3
"Evaluation: The international journal 
of theory, research and practice",1356-3890,PUB SEC,,,3,,
Expert Systems with Applications,0957-4174,MIS,,3,3,3,
FACILITIES,0263-2772,SECTOR,,,,,4
FAMILY BUSINESS REVIEW,0894-4865,INNOV,,,,,2
FINANCE,0752-6180,FIN,,,,,2
FINANCE AND STOCHASTICS FINANCE BULLETIN,0949-2984,FIN,,,,,2
FINANCE CONTRÔLE STRATEGIE,1287-1141,FIN,,,,,3
FINANCE RESEARCH LETTERS,1544-6123,FIN,,,,,3
FINANCIAL ACCOUNTABILITY AND MANAGEMENT,0267-4424,ACC,,,,,3
FINANCIAL ANALYSTS JOURNAL,0015-198X,FIN,,,,,2
FINANCIAL HISTORY REVIEW,0968-5650,BUS HIST,,,,,4
FINANCIAL MANAGEMENT,0046-3892,FIN,,,,,2
FINANCIAL MARKETS AND PORTFOLIO MANAGEMENT,1555-4961,FIN,,,,,4
"FINANCIAL MARKETS, INSTITUTIONS AND INSTRUMENTS",0963-8008,FIN,,,,,3
FINANCIAL REVIEW,0732-8516,FIN,,,,,3
FLEXIBLE SERVICES AND MANUFACTURING JOURNAL (Formerly: International Journal of Manufacturing Systems),1936-6582,LOG,,,,,4
FOOD POLICY,0306-9192,SECTOR,,,,,3
FUTURES,0016-3287,INNOV,,,,,3
Family Business Review,0894-4865,INNOV,,2,2,2,
Family Business Review,0894-4865,Innov,2,,,,
Finance,0752-6180,FIN,,2,2,2,
Finance,0752-6180,Fin,2,,,,
Finance & Stochastics,0949-2984,FIN,,3,,,
Finance & Stochastics,0949-2984,Fin,3,,,,
Finance Contrôle Stratégie,1287-1141,GEN MAN,,3,3,3,
Finance Contrôle Stratégie,1287-1141,MgtGen,3,,,,
Finance Research Letters,1544-6123,FIN,,3,3,3,
Finance Research Letters,1544-6123,Fin,3,,,,
Finance and Stochastics,0949-2984,FIN,,,2,2,
"Financial Accountability and 
Management",0267-4424,ACC,,2,,3,
Financial Accountability and Management,0267-4424,ACC,,,3,,
Financial Accountability and Management,0267-4424,CPT,2,,,,
Financial Analysts Journal,0015-198X,FIN,,3,2,2,
Financial Analysts Journal,0015-198X,Fin,3,,,,
Financial History Review,0968-5650,BUS HIST,,3,3,4,
Financial History Review,0968-5650,HPM,3,,,,
Financial Management,0046-3892,FIN,,2,2,2,
Financial Management,0046-3892,Fin,2,,,,
"Financial Markets 
and Portfolio Management",1555-4961,FIN,,,,4,
"Financial Markets and Portfolio 
Management",1555-4961,FIN,,4,,,
Financial Markets and Portfolio Management,1555-4961,FIN,,,4,,
"Financial Markets, Institutions 
& Instruments",0963-8008,FIN,,,,3,
"Financial Markets, Institutions & 
Instruments",0963-8008,FIN,,3,,,
"Financial Markets, Institutions & Instruments",0963-8008,FIN,,,3,,
"Financial Markets, Institutions & Instruments",0963-8008,Fin,3,,,,
Financial Review,0732-8516,FIN,,4,3,3,
Financial Review,0732-8516,Fin,4,,,,
"Flexible Services and Manufacturing 
Journal (ex International Journal of 
Flexible Manufacturing Systems)",1936-6582,LOG,,,3,3,
Futures,0016-3287,INNOV,,3,3,3,
Futures,0016-3287,Innov,3,,,,
GENDER AND SOCIETY,0891-2432,SOC,,,,,3
"GENDER, WORK AND ORGANIZATION",0968-6673,HRM,,,,,2
GENEVA PAPERS ON RISK AND INSURANCE: ISSUES AND PRACTICE,1018-5895,FIN,,,,,3
GERER ET COMPRENDRE,0295-4397,GEN MAN,,,,,3
GERMAN ECONOMIC REVIEW,1465-6485,ECON,,,,,4
GESTION 2000 GESTION ET MANAGEMENT PUBLIC,0773-0543,GEN MAN,,,,,3
GLOBAL ENVIRONMENTAL CHANGE,0959-3780,REG&ENV,,,,,3
GLOBAL ENVIRONMENTAL CHANGE,1872-9495,GEN MAN,,,,,3
GLOBAL FINANCE JOURNAL,1044-0283,FIN,,,,,4
GLOBAL STRATEGY JOURNAL,2042-5791,STRAT,,,,,2
GOVERNANCE,0952-1895,PUB SEC,,,,,3
GROUP AND ORGANIZATION MANAGEMENT,1059-6011,HRM,,,,,2
GROUP DECISION AND NEGOTIATION,0926-2644,HRM,,,,,3
"GROUP DYNAMICS: THEORY, RESEARCH AND PRACTICE",1089-2699,ORG STUD,,,,,3
GROUP PROCESSES AND INTERGROUP RELATIONS,1368-4302,ORG STUD,,,,,3
GROWTH AND CHANGE,0017-4815,REG&ENV,,,,,4
"Gender, Work and Organization",0968-6673,GRH,4,,,,
"Gender, Work and Organization",0968-6673,HRM,,3,3,3,
"Geneva Papers on Risk and 
Insurance - Issues and Practice",1018-5895,FIN,,,,3,
"Geneva Papers on Risk and 
Insurance: Issues and Practices",1018-5895,FIN,,4,4,,
"Geneva Papers on Risk and Insurance: Issues and 
Practices",1018-5895,Fin,3,,,,
Geneva Risk and Insurance Review,1554-964X,FIN,,2,,,
Geneva Risk and Insurance Review,1554-964X,Fin,2,,,,
"Gestion - Revue Internationale 
de Gestion",0701-0028,GEN MAN,,,,4,
"Gestion - Revue Internationale de 
Gestion",0701-0028,GEN MAN,,4,,,
Gestion - Revue Internationale de Gestion,0701-0028,GEN MAN,,,4,,
Gestion - Revue Internationale de Gestion,0701-0028,MgtGen,4,,,,
Gestion 2000,0773-0543,GEN MAN,,4,4,4,
Gestion et Management Public,2116-8865,PUB SEC,,4,3,3,
Global Finance Journal,1044-0283,FIN,,4,4,4,
Global Finance Journal,1044-0283,Fin,4,,,,
Global Strategy Journal,2042-5791,STRAT,,,3,3,
Governance,0952-1895,PUB SEC,,3,3,3,
Governance,0952-1895,Publique,3,,,,
Group Decision and Negotiation,0926-2644,HRM,,3,3,3,
"Group Dynamics: Theory, Research 
and Practice",1089-2699,ORG STUD,,3,3,3,
"Group Dynamics: Theory, Research and Practice",1089-2699,THO,3,,,,
"Group Processes and Intergroup 
Relations",1368-4302,ORG STUD,,3,3,3,
Group Processes and Intergroup Relations,1368-4302,THO,3,,,,
Group and Organization Management,1059-6011,GRH,3,,,,
Group and Organization Management,1059-6011,HRM,,3,2,2,
Gérer et Comprendre,0295-4397,GEN MAN,,3,3,3,
Gérer et Comprendre,0295-4397,THO,4,,,,
HARVARD BUSINESS REVIEW,0017-8012,GEN MAN,,,,,2
HEALTH AFFAIRS,0278-2715,HLTH,,,,,1
HEALTH CARE MANAGEMENT REVIEW,0361-6274,HLTH,,,,,3
HEALTH CARE MANAGEMENT SCIENCE,1386-9620,HLTH,,,,,3
HEALTH POLICY,0168-8510,HLTH,,,,,2
HEALTH POLICY AND PLANNING,0268-1080,HLTH,,,,,4
HEALTH SERVICES MANAGEMENT RESEARCH,0951-4848,HLTH,,,,,4
HEALTH SERVICES RESEARCH,0017-9124,HLTH,,,,,2
HISTORY OF POLITICAL ECONOMY,0018-2702,BUS HIST,,,,,3
HUMAN PERFORMANCE,0895-9285,HRM,,,,,3
HUMAN RELATIONS,0018-7267,HRM,,,,,1
HUMAN RESOURCE DEVELOPMENT QUARTERLY,1044-8004,HRM,,,,,4
HUMAN RESOURCE DEVELOPMENT REVIEW,1534-4843,HRM,,,,,4
HUMAN RESOURCE MANAGEMENT,0090-4848,HRM,,,,,1
HUMAN RESOURCE MANAGEMENT JOURNAL,0954-5395,HRM,,,,,2
HUMAN RESOURCE MANAGEMENT REVIEW,1053-4822,HRM,,,,,2
Harvard Business Review,0017-8012,GEN MAN,,,2,2,
Health Affairs,0278-2715,HLTH,,1,1,1,
Health Care Financing Review,0195-8631,Santé,3,,,,
Health Care Management Review,0361-6274,HLTH,,3,3,3,
Health Care Management Review,0361-6274,Santé,3,,,,
Health Care Management Science,1386-9620,HLTH,,4,3,3,
Health Care Management Science,1386-9620,Santé,4,,,,
Health Economics,1057-9230,Santé,1,,,,
Health Policy,0168-8510,HLTH,,2,2,2,
Health Policy,0168-8510,Santé,2,,,,
Health Policy and Planning,0268-1080,HLTH,,2,3,3,
Health Policy and Planning,0268-1080,Santé,4,,,,
"Health Services Management 
Research",0951-4848,HLTH,,4,,4,
Health Services Management Research,0951-4848,HLTH,,,4,,
Health Services Management Research,0951-4848,Santé,4,,,,
Health Services Research,0017-9124,HLTH,,3,2,2,
Health Services Research,0017-9124,Santé,2,,,,
Human Performance,0895-9285,HRM,,3,3,3,
Human Relations,0018-7267,GRH,2,,,,
Human Relations,0018-7267,HRM,,2,1,1,
"Human Resource Development 
Review",1534-4843,HRM,,,,4,
Human Resource Management,0090-4848,GRH,2,,,,
Human Resource Management,0090-4848,HRM,,2,1,1,
"Human Resource Management 
Journal",0954-5395,HRM,,3,,2,
"Human Resource Management 
Review",1053-4822,HRM,,3,,2,
Human Resource Management Journal,0954-5395,GRH,3,,,,
Human Resource Management Journal,0954-5395,HRM,,,2,,
Human Resource Management Review,1053-4822,GRH,3,,,,
Human Resource Management Review,1053-4822,HRM,,,2,,
Human System Management,0167-2533,GRH,4,,,,
Human Systems Management,0167-2533,HRM,,4,4,,
"IEEE TRANSACTION ON HUMAN-MACHINE SYSTEMS (formerly ""IEEE Transactions on Systems Man and Cybernetics Part C (Applications and",2168-2291,MIS,,,,,3
"IEEE TRANSACTION ON SYSTEMS, MAN AND CYBERNETICS: SYSTEMS (formerly ""IEEE Transactions on Systems, Man and Cybernetics - Part A:",2168-2216,MIS,,,,,3
IEEE TRANSACTIONS ON ENGINEERING MANAGEMENT,0018-9391,MIS,,,,,2
IEEE TRANSACTIONS ON KNOWLEDGE AND DATA ENGINEERING,1041-4347,MIS,,,,,4
IEEE TRANSACTIONS ON SOFTWARE ENGINEERING,0098-5589,MIS,,,,,3
"IEEE Transaction on Systems, 
Man and Cybernetics - A",1083-4427,MIS,,3,,,
"IEEE Transaction on Systems, 
Man and Cybernetics - C",1094-6977,MIS,,4,,,
"IEEE Transaction on Systems, Man and 
Cybernetics - A",1083-4427,SI,3,,,,
"IEEE Transaction on Systems, Man and 
Cybernetics - C",1094-6977,SI,3,,,,
"IEEE Transactions on Engineering 
Management",0018-9391,MIS,,2,2,2,
IEEE Transactions on Engineering Management,0018-9391,SI,2,,,,
"IEEE Transactions on Human-
Machine Systems",2168-2291,MIS,,,,3,
"IEEE Transactions on Knowledge 
and Data Engineering",1041-4347,MIS,,,,3,
"IEEE Transactions on Knowledge and 
Data Engineering",1041-4347,MIS,,2,2,,
"IEEE Transactions on Knowledge and Data 
Engineering",1041-4347,SI,2,,,,
"IEEE Transactions on Software 
Engineering",0098-5589,MIS,,2,2,3,
IEEE Transactions on Software Engineering,0098-5589,SI,2,,,,
"IEEE Transactions on Systems, Man, 
and Cybernetics - Part A: Systems 
and Humans",1083-4427,MIS,,,3,,
"IEEE Transactions on Systems, Man, 
and Cybernetics, Part C (Applications 
and Reviews)",1094-6977,MIS,,,4,,
"IEEE Transactions on Systems, Man, 
and Cybernetics: Systems",2168-2216,MIS,,,,3,
IIM KOZHIKODE SOCIETY & MANAGEMENT REVIEW,2321-029X,GEN MAN,,,,,4
ILR REVIEW (INDUSTRIAL AND LABOR RELATIONS REVIEW),0019-7939,HRM,,,,,2
"ILR Review (ex Industrial and Labor 
Relations Review)",0019-7939,HRM,,,2,3,
IMA JOURNAL OF MANAGEMENT MATHEMATICS,1471-678X,GEN MAN,,,,,4
IMPLEMENTATION SCIENCE,1748-5908,HLTH,,,,,4
INDUSTRIAL AND CORPORATE CHANGE,0960-6491,GEN MAN,,,,,2
INDUSTRIAL AND ORGANIZATIONAL PSYCHOLOGY - PERSPECTIVES ON SCIENCE AND PRACTICE,1754-9426,HRM,,,,,3
INDUSTRIAL MANAGEMENT AND DATA SYSTEMS,0263-5577,LOG,,,,,3
INDUSTRIAL MARKETING MANAGEMENT,0019-8501,MKG,,,,,2
INDUSTRIAL RELATIONS: A JOURNAL OF ECONOMY AND SOCIETY,0019-8676,HRM,,,,,1
INDUSTRY AND INNOVATION,1366-2716,INNOV,,,,,3
INFORMATION AND MANAGEMENT,0378-7206,MIS,,,,,2
INFORMATION AND ORGANIZATION,1471-7727,MIS,,,,,2
INFORMATION SYSTEMS AND E-BUSINESS MANAGEMENT,1617-9846,MIS,,,,,4
INFORMATION SYSTEMS FRONTIERS,1387-3326,MIS,,,,,3
INFORMATION SYSTEMS JOURNAL,1350-1917,MIS,,,,,1
INFORMATION SYSTEMS RESEARCH,1047-7047,MIS,,,,,1*
INFORMATION TECHNOLOGY AND MANAGEMENT,1385-951X,MIS,,,,,4
INFORMATION TECHNOLOGY AND PEOPLE,0959-3845,MIS,,,,,3
"INNOVATION: ORGANIZATION & MANAGEMENT (formerly: Innovation: Management, Policy and Practice)",1447-9338,INNOV,,,,,4
"INNOVATIONS, REVUE D’ÉCONOMIE ET DE MANAGEMENT DE L’INNOVATION / JOURNAL OF INNOVATION ECONOMICS AND",1267-4982,INNOV,,,,,2
INSURANCE: MATHEMATICS AND ECONOMICS,0167-6687,FIN,,,,,3
INTERFACES,0092-2102,GEN MAN,,,,,3
INTERNATIONAL BUSINESS REVIEW,0969-5931,STRAT,,,,,2
INTERNATIONAL ECONOMIC REVIEW,0020-6598,ECON,,,,,1
INTERNATIONAL ECONOMICS,2110-7017,ECON,,,,,4
INTERNATIONAL ENTREPRENEURSHIP AND MANAGEMENT JOURNAL,1554-7191,INNOV,,,,,4
INTERNATIONAL JOURNAL FOR QUALITY IN HEALTH CARE,1353- 4505,HLTH,,,,,4
INTERNATIONAL JOURNAL OF ACCOUNTING INFORMATION SYSTEMS,1467-0895,ACC,,,,,4
INTERNATIONAL JOURNAL OF ADVERTISING,0265-0487,MKG,,,,,3
INTERNATIONAL JOURNAL OF ARTS MANAGEMENT,1480-8986,GEN MAN,,,,,4
INTERNATIONAL JOURNAL OF AUDITING,1090-6738,ACC,,,,,3
INTERNATIONAL JOURNAL OF BANK MARKETING,0265-2323,MKG,,,,,4
INTERNATIONAL JOURNAL OF BUSINESS GOVERNANCE AND ETHICS,1741-802X,GEN MAN,,,,,4
INTERNATIONAL JOURNAL OF CONSUMER STUDIES,1470-6423,MKG,,,,,4
INTERNATIONAL JOURNAL OF CONTEMPORARY HOSPITALITY MANAGEMENT,0959-6119,SECTOR,,,,,3
INTERNATIONAL JOURNAL OF CROSS CULTURAL MANAGEMENT,1470-5958,STRAT,,,,,4
INTERNATIONAL JOURNAL OF ELECTRONIC COMMERCE,1086-4415,MIS,,,,,2
INTERNATIONAL JOURNAL OF ENERGY SECTOR MANAGEMENT,1750-6220,SECTOR,,,,,4
INTERNATIONAL JOURNAL OF ENTREPRENEURIAL BEHAVIOUR AND RESEARCH,1355-2554,INNOV,,,,,3
INTERNATIONAL JOURNAL OF ENTREPRENEURSHIP AND INNOVATION,1465-7503,INNOV,,,,,4
INTERNATIONAL JOURNAL OF ENTREPRENEURSHIP AND INNOVATION MANAGEMENT,1368-275X,INNOV,,,,,4
INTERNATIONAL JOURNAL OF ENTREPRENEURSHIP AND SMALL BUSINESS,1476-1297,INNOV,,,,,4
INTERNATIONAL JOURNAL OF FINANCE AND ECONOMICS,1076-9307,FIN,,,,,3
INTERNATIONAL JOURNAL OF FORECASTING,0169-2070,ECON,,,,,3
INTERNATIONAL JOURNAL OF GENDER AND ENTREPRENEURSHIP,1756-6266,HRM,,,,,4
INTERNATIONAL JOURNAL OF HEALTH ECONOMICS AND MANAGEMENT,2199-9023,HLTH,,,,,4
INTERNATIONAL JOURNAL OF HEALTH PLANNING AND MANAGEMENT,0749-6753,HLTH,,,,,4
INTERNATIONAL JOURNAL OF HERITAGE STUDIES,1352-7258,SECTOR,,,,,4
INTERNATIONAL JOURNAL OF HOSPITALITY MANAGEMENT,0278-4319,SECTOR,,,,,3
INTERNATIONAL JOURNAL OF HUMAN COMPUTER STUDIES,1071-5819,MIS,,,,,4
INTERNATIONAL JOURNAL OF HUMAN RESOURCE MANAGEMENT,0958-5192,HRM,,,,,2
INTERNATIONAL JOURNAL OF INFORMATION MANAGEMENT,0268-4012,MIS,,,,,3
INTERNATIONAL JOURNAL OF INNOVATION MANAGEMENT,1363-9196,INNOV,,,,,4
INTERNATIONAL JOURNAL OF INTERCULTURAL RELATIONS,0147-1767,PSY,,,,,4
"INTERNATIONAL JOURNAL OF KNOWLEDGE, CULTURE AND CHANGE MANAGEMENT",1447-9524,GEN MAN,,,,,4
INTERNATIONAL JOURNAL OF LOGISTICS: RESEARCH AND APPLICATIONS,1367-5567,LOG,,,,,3
INTERNATIONAL JOURNAL OF MANAGEMENT AND DECISION MAKING,1462-4621,GEN MAN,,,,,4
INTERNATIONAL JOURNAL OF MANAGEMENT REVIEWS,1460-8545,GEN MAN,,,,,2
INTERNATIONAL JOURNAL OF MANAGING PROJECTS IN BUSINESS,1753-8378,GEN MAN,,,,,4
INTERNATIONAL JOURNAL OF MANPOWER,0143-7720,HRM,,,,,3
INTERNATIONAL JOURNAL OF MANUFACTURING TECHNOLOGY AND MANAGEMENT,1368-2148,LOG,,,,,4
INTERNATIONAL JOURNAL OF MARKET RESEARCH,1470-7853,MKG,,,,,3
INTERNATIONAL JOURNAL OF OPERATIONS AND PRODUCTION MANAGEMENT,0144-3577,LOG,,,,,1
INTERNATIONAL JOURNAL OF PHYSICAL DISTRIBUTION AND LOGISTICS MANAGEMENT,0960-0035,LOG,,,,,2
INTERNATIONAL JOURNAL OF PRODUCTION ECONOMICS,0925-5273,LOG,,,,,1
INTERNATIONAL JOURNAL OF PRODUCTION RESEARCH,0020-7543,LOG,,,,,2
INTERNATIONAL JOURNAL OF PROJECT MANAGEMENT,0263-7863,LOG,,,,,2
INTERNATIONAL JOURNAL OF PUBLIC ADMINISTRATION,0190-0692,PUB SEC,,,,,3
INTERNATIONAL JOURNAL OF PUBLIC SECTOR MANAGEMENT,0951-3558,PUB SEC,,,,,4
INTERNATIONAL JOURNAL OF QUALITY AND RELIABILITY MANAGEMENT,0265-671X,LOG,,,,,3
INTERNATIONAL JOURNAL OF RESEARCH IN MARKETING,0167-8116,MKG,,,,,1
INTERNATIONAL JOURNAL OF RETAIL AND DISTRIBUTION MANAGEMENT,0959-0552,MKG,,,,,3
INTERNATIONAL JOURNAL OF SELECTION AND ASSESSMENT,0965-075X,HRM,,,,,4
INTERNATIONAL JOURNAL OF STRESS MANAGEMENT,1072-5245,HRM,,,,,4
INTERNATIONAL JOURNAL OF TECHNOLOGY ASSESSMENT IN HEALTH CARE,0266-4623,HLTH,,,,,4
INTERNATIONAL JOURNAL OF TECHNOLOGY MANAGEMENT,0267-5730,INNOV,,,,,3
INTERNATIONAL JOURNAL OF THEORETICAL AND APPLIED FINANCE,0219-0249,FIN,,,,,3
INTERNATIONAL JOURNAL OF TOURISM RESEARCH,1099-2340,SECTOR,,,,,4
INTERNATIONAL JOURNAL OF TRANSPORT ECONOMICS,0391-8440,LOG,,,,,4
INTERNATIONAL JOURNAL OF URBAN AND REGIONAL RESEARCH,0309-1317,REG&ENV,,,,,3
INTERNATIONAL LABOUR REVIEW,0020-7780,ACC,,,,,3
INTERNATIONAL MARKETING REVIEW,0265-1335,MKG,,,,,2
INTERNATIONAL PUBLIC MANAGEMENT JOURNAL,1096-7494,PUB SEC,,,,,4
INTERNATIONAL REVIEW OF ADMINISTRATIVE SCIENCES,0020-8523,HRM,,,,,3
INTERNATIONAL REVIEW OF ECONOMICS AND FINANCE,1059-0560,FIN,,,,,4
INTERNATIONAL REVIEW OF FINANCIAL ANALYSIS,1057-5219,FIN,,,,,3
INTERNATIONAL REVIEW OF LAW AND ECONOMICS,0144-8188,ECON,,,,,3
INTERNATIONAL REVIEW OF PUBLIC ADMINISTRATION,1229-4659,PUB SEC,,,,,4
INTERNATIONAL SMALL BUSINESS JOURNAL,0266-2426,INNOV,,,,,2
INTERNATIONAL STUDIES OF MANAGEMENT AND ORGANIZATION,0020-8825,PUB SEC,,,,,3
INTERNATIONAL TRANSACTIONS IN OPERATIONAL RESEARCH,0969-6016,GEN MAN,,,,,4
INTERNET RESEARCH,1066-2243,MIS,,,,,4
Implementation Science,1748-5908,HLTH,,2,2,3,
"Industrial Management and Data 
Systems",0263-5577,LOG,,4,4,3,
Industrial Management and Data Systems,0263-5577,Log,4,,,,
Industrial Marketing Management,0019-8501,MKG,,2,2,2,
Industrial Marketing Management,0019-8501,Mkg,2,,,,
Industrial Relations,0019-8676,GRH,1,,,,
Industrial Relations,0019-8676,HRM,,1,2,2,
Industrial and Corporate Change,0960-6491,GEN MAN,,,,2,
"Industrial and Labor Relations 
Review",0019-7939,HRM,,2,,,
Industrial and Labor Relations Review,0019-7939,GRH,1,,,,
"Industrial and Organizational 
Psychology: Perspectives on Science 
and Practice",1754-9426,HRM,,,,2,
Industry and Innovation,1366-2716,INNOV,,3,3,3,
Industry and Innovation,1366-2716,Innov,3,,,,
Information Communication and Society,1464-3650,SOC,,,,,4
Information Systems Frontiers,1387-3326,MIS,,4,3,3,
Information Systems Journal,1350-1917,MIS,,2,2,1,
Information Systems Journal,1350-1917,SI,2,,,,
Information Systems Research,1047-7047,MIS,,1,1,1,
Information Systems Research,1047-7047,SI,1,,,,
Information Technology and People,0959-3845,MIS,,3,3,3,
Information Technology and People,0959-3845,SI,3,,,,
Information and Management,0378-7206,MIS,,2,2,1,
Information and Management,0378-7206,SI,2,,,,
Information and Organization,1471-7727,MIS,,2,2,2,
Information and Organization,1471-7727,SI,2,,,,
"Innovations - Revue d'Economie et 
de Management de l'Innovation/
Journal of Innovation Economics and 
Management",1267-4982,INNOV,,,4,,
"Innovations - Revue d’Economie et 
de Management de l’Innovation /
Journal of Innovation Economics and 
Management",1267-4982,INNOV,,,,3,
"Innovations - Revue d’Économie et 
de Management de l’Innovation /
Journal of Innovation Economics 
and Management","1267-4982 
2032-5355",INNOV,,4,,,
"Insurance, Mathematics & Economics",0167-6687,FIN,,3,,,
"Insurance, Mathematics & Economics",0167-6687,Fin,3,,,,
"Insurance: Mathematics and 
Economics",0167-6687,FIN,,,,3,
Insurance: Mathematics and Economics,0167-6687,FIN,,,2,,
International Business Review,0969-5931,STRAT,,2,2,2,
International Business Review,0969-5931,Strat,3,,,,
"International Entrepreneurship Journal and Small 
Business",1476-1297,Innov,4,,,,
"International Entrepreneurship and 
Management Journal",1554-7191,INNOV,,4,4,3,
"International Entrepreneurship and 
Management Journal",1554-7191,Innov,4,,,,
"International Journal for Quality 
in Health Care",1353-4505,HLTH,,,,4,
"International Journal for Quality in 
Health Care",1353- 4505,HLTH,,,4,,
"International Journal of 
Entrepreneurial Behaviour 
and Research",1355-2554,INNOV,,4,,,
"International Journal of 
Entrepreneurship and 
Innovation Management",1368-275X,INNOV,,,,4,
"International Journal of 
Entrepreneurship and Innovation",1465-7503,INNOV,,4,4,4,
"International Journal of 
Entrepreneurship and Innovation 
Management (IJEIM)",1368-275X,INNOV,,4,,,
"International Journal of 
Entrepreneurship and Small Business",1476-1297,INNOV,,4,4,4,
"International Journal of 
Manufacturing Technology 
and Management",1368-2148,LOG,,3,,,
International Journal of Accounting,0020-7063,CPT,3,,,,
International Journal of Advertising,0265-0487,MKG,,3,3,3,
International Journal of Advertising,0265-0487,Mkg,3,,,,
"International Journal of Arts 
Management",1480-8986,GEN MAN,,4,,4,
International Journal of Arts Management,1480-8986,GEN MAN,,,4,,
International Journal of Arts Management,1480-8986,MgtGen,4,,,,
International Journal of Auditing,1090-6738,ACC,,3,3,3,
International Journal of Auditing,1090-6738,CPT,3,,,,
"International Journal of Bank 
Marketing",0265-2323,MKG,,4,,4,
International Journal of Bank Marketing,0265-2323,MKG,,,4,,
International Journal of Bank Marketing,0265-2323,Mkg,4,,,,
"International Journal of Cross 
Cultural Management",1470-5958,STRAT,,4,4,4,
"International Journal of Cross Cultural 
Management",1470-5958,Strat,4,,,,
"International Journal of Electronic 
Commerce",1086-4415,MIS,,2,2,2,
International Journal of Electronic Commerce,1086-4415,SI,2,,,,
"International Journal of Entrepreneu-
rial Behaviour and Research",1355-2554,INNOV,,,4,,
"International Journal of Entrepreneur-
ship and Innovation Management",1368-275X,INNOV,,,4,,
"International Journal of Entrepreneurial 
Behaviour and Research",1355-2554,INNOV,,,,3,
"International Journal of Entrepreneurial 
Behaviour and Research",1355-2554,Innov,4,,,,
"International Journal of Entrepreneurship and 
Innovation",1465-7503,Innov,4,,,,
"International Journal of Entrepreneurship and 
Innovation Management (IJEIM)",1368-275X,Innov,4,,,,
"International Journal of Flexible 
Manufacturing Systems",0920-6299,LOG,,3,,,
International Journal of Flexible Manufacturing,0920-6299,Log,2,,,,
International Journal of Forecasting,0169-2070,LOG / STRAT,,,3,3,
"International Journal of Health 
Economics and Management",1389-6563,HLTH,,,4,,
"International Journal of Health 
Economics and Management",2199-9023,HLTH,,,,4,
"International Journal of Health 
Planning and Management",0749-6753,HLTH,,4,4,4,
"International Journal of Health Care, 
Finance and Economics",1389-6563,HLTH,,4,,,
"International Journal of Health Care, Finance and 
Economics",1389-6563,Santé,2,,,,
"International Journal of Health Planning and 
Management",0294-0736,Santé,4,,,,
"International Journal of Hospitality 
Management",0278-4319,TOUR,,,,3,
"International Journal of Human 
Computer Studies",1071-5819,MIS,,3,3,3,
"International Journal of Human 
Resource Management",0958-5192,HRM,,3,3,2,
"International Journal of Human Computer 
Studies",1071-5819,SI,3,,,,
"International Journal of Human Resource 
Management",0958-5192,GRH,3,,,,
"International Journal of Information 
Management",0268-4012,MIS,,3,3,2,
"International Journal of Information 
Management",0268-4012,SI,3,,,,
"International Journal of Innovation 
Management",1363-9196,INNOV,,4,4,4,
International Journal of Innovation Management,1363-9196,Innov,4,,,,
"International Journal of Knowledge 
Management Studies",1743-8268,ORG STUD,,,4,,
"International Journal of Knowledge, 
Culture and Change Management",1447-9524,GEN MAN,,4,4,,
"International Journal of Knowledge, Culture and 
Change Management",1447-9524,MgtGen,4,,,,
"International Journal of Logistics 
Management",0957-4093,LOG,,3,,,
"International Journal of Logistics 
Research and Applications",1367-5567,LOG,,,3,3,
International Journal of Logistics Management,0957-4903,Log,3,,,,
"International Journal of Logistics: 
Research and Applications",1367-5567,LOG,,3,,,
"International Journal of Logistics: Research and 
Applications",1367-5567,Log,3,,,,
"International Journal of Management 
Reviews",1460-8545,GEN MAN,,2,2,2,
International Journal of Management Reviews,1460-8545,MgtGen,2,,,,
International Journal of Manpower,0143-7720,HRM,,,,4,
"International Journal of Manufactu-
ring Technology and Management",1368-2148,LOG,,,3,,
"International Journal of Manufacturing 
Technology and Management",1368-2148,LOG,,,,4,
"International Journal of Manufacturing 
Technology and Management",1368-2148,Log,3,,,,
"International Journal of Market 
Research",1470-7853,MKG,,,,3,
International Journal of Market Research,1470-7853,MKG,,3,3,,
International Journal of Market Research,1470-7853,Mkg,3,,,,
"International Journal of Operations 
and Production Management",0144-3577,LOG,,2,2,2,
"International Journal of Operations and 
Production Management",0144-3577,Log,2,,,,
"International Journal of Physical 
Distribution and Logistics 
Management",0960-0035,LOG,,3,,,
"International Journal of Physical 
Distribution and Logistics Management",0960-0035,LOG,,,,2,
"International Journal of Physical Dis-
tribution and Logistics Management",0960-0035,LOG,,,2,,
"International Journal of Physical Distribution and 
Logistics Management",0960-0035,Log,3,,,,
"International Journal of Production 
Economics",0925-5273,LOG,,1,1,1,
"International Journal of Production 
Research",0020-7543,LOG,,2,2,2,
International Journal of Production Economics,0925-5273,Log,1,,,,
International Journal of Production Research,0020-7543,Log,2,,,,
"International Journal of Project 
Management",0263-7863,LOG,,3,2,2,
International Journal of Project Management,0263-7863,Log,3,,,,
"International Journal of Public 
Administration",0190-0692,PUB SEC,,3,3,3,
"International Journal of Public 
Sector Management",0951-3558,PUB SEC,,,,4,
International Journal of Public Administration,0190-0692,Publique,3,,,,
"International Journal of Public Sector 
Management",0951-3558,PUB SEC,,3,3,,
"International Journal of Public Sector 
Management",0951-3558,Publique,3,,,,
"International Journal of Quality and 
Reliability Management",0265-671X,LOG,,3,3,3,
"International Journal of Quality and Reliability 
Management",0265-671X,Log,3,,,,
"International Journal of Quality in 
Health Care",1353-4505,HLTH,,3,,,
International Journal of Quality in Health Care,1353-4505,Santé,4,,,,
"International Journal of Research in 
Marketing",0167-8116,MKG,,1,1,1,
International Journal of Research in Marketing,0167-8116,Mkg,1,,,,
"International Journal of Retail 
and Distribution Management",0959-0552,MKG / LOG,,,,3,
"International Journal of Retail and 
Distribution Management",0959-0552,MKG / LOG,,3,3,,
"International Journal of Retail and Distribution 
Management",0959-0552,Mkg / Log,3,,,,
"International Journal of Selection 
and Assessment",0965-075X,HRM,,,,4,
"International Journal of Selection and 
Assessment",0965-075X,HRM,,3,3,,
International Journal of Stress Management,1573-3424,PSY,,,,,4
"International Journal of Technology 
Assessment in Health Care",0266-4623,HLTH,,,4,4,
"International Journal of Technology 
Management",0267-5730,"INNOV / 
LOG",,3,3,3,
"International Journal of Technology 
Management",0267-5730,Innov / Log,3,,,,
"International Journal of Technology 
and Human Interaction",1548-3908,MIS,,4,4,,
"International Journal of Technology and Human 
Interaction",1548-3908,SI,4,,,,
"International Journal of Theoretical 
and Applied Finance",0219-0249,FIN,,3,3,3,
"International Journal of Theoretical and Applied 
Finance",0219-0249,Fin,3,,,,
"International Journal of Transport 
Economics",0303-5247,LOG,,,,4,
"International Journal of Transport 
Economics",0391-8440,LOG,,,4,,
International Labour Review,0020-7780,GRH,3,,,,
International Labour Review,0020-7780,HRM,,3,3,3,
International Marketing Review,0265-1335,MKG,,2,2,2,
International Marketing Review,0265-1335,Mkg,3,,,,
"International Public Management 
Journal",1096-7494,PUB SEC,,,,4,
"International Review of 
Administrative Sciences",0020-8523,PUB SEC,,3,3,3,
International Review of Administrative Sciences,0020-8523,Publique,3,,,,
"International Review of Economics 
& Finance",1059-0560,FIN,,,,4,
"International Review of Financial 
Analysis",1057-5219,FIN,,3,3,3,
International Review of Financial Analysis,1057-5219,Fin,3,,,,
"International Review of Public 
Administration",1229-4659,PUB SEC,,4,4,4,
International Review of Public Administration,1229-4659,Publique,4,,,,
International Small Business Journal,0266-2426,INNOV,,2,2,2,
International Small Business Journal,0266-2426,Innov,2,,,,
"International Studies of Management 
and Organization",0020-8825,GEN MAN,,3,3,3,
"International Studies of Management and 
Organization",0020-8825,MgtGen,3,,,,
JOURNAL DE GESTION ET D'ÉCONOMIE DE LA SANTE,2262-5305,HLTH,,,,,4
JOURNAL OF ACCOUNTING AND ECONOMICS,0165-4101,ACC,,,,,1*
JOURNAL OF ACCOUNTING AND ORGANIZATIONAL CHANGE,1832-5912,ACC,,,,,4
JOURNAL OF ACCOUNTING AND PUBLIC POLICY,0278-4254,ACC,,,,,2
JOURNAL OF ACCOUNTING LITERATURE,0737-4607,ACC,,,,,3
JOURNAL OF ACCOUNTING RESEARCH,0021-8456,ACC,,,,,1*
"JOURNAL OF ACCOUNTING, AUDITING AND FINANCE",0148-558X,ACC,,,,,3
JOURNAL OF ADVERTISING,0091-3367,MKG,,,,,2
JOURNAL OF ADVERTISING RESEARCH,0021-8499,MKG,,,,,2
JOURNAL OF ALTERNATIVE INVESTMENTS,1520-3255,FIN,,,,,4
JOURNAL OF APPLIED ACCOUNTING RESEARCH,0967-5426,ACC,,,,,3
JOURNAL OF APPLIED ECONOMETRICS,0883-7252,ECON,,,,,2
JOURNAL OF APPLIED PSYCHOLOGY,0021-9010,PSY,,,,,1*
JOURNAL OF APPLIED SOCIAL PSYCHOLOGY,0021-9029,ORG STUD,,,,,4
JOURNAL OF ASSET MANAGEMENT,1470-8272,FIN,,,,,4
JOURNAL OF BANKING AND FINANCE,0378-4266,FIN,,,,,1
JOURNAL OF BEHAVIORAL AND EXPERIMENTAL ECONOMICS (Formerly: Journal of Socio-Economics),2214-8043,ORG STUD,,,,,3
JOURNAL OF BEHAVIORAL DECISION MAKING,0894-3257,PSY,,,,,2
JOURNAL OF BEHAVIORAL FINANCE,1542-7560,FIN,,,,,4
JOURNAL OF BRAND MANAGEMENT,1350-231X,MKG,,,,,3
JOURNAL OF BUSINESS & INDUSTRIAL MARKETING,0885-8624,MKG,,,,,3
JOURNAL OF BUSINESS AND ECONOMIC STATISTICS,0735-0015,ECON,,,,,1
JOURNAL OF BUSINESS AND PSYCHOLOGY,0889-3268,HRM,,,,,3
JOURNAL OF BUSINESS ECONOMICS AND MANAGEMENT,1611-1699,GEN MAN,,,,,4
JOURNAL OF BUSINESS ETHICS,0167-4544,GEN MAN,,,,,1
JOURNAL OF BUSINESS FINANCE AND ACCOUNTING,0306-686X,ACC,,,,,2
JOURNAL OF BUSINESS LOGISTICS,0735-3766,LOG,,,,,2
JOURNAL OF BUSINESS RESEARCH,0148-2963,MKG,,,,,2
JOURNAL OF BUSINESS STRATEGY,0275-6668,STRAT,,,,,4
JOURNAL OF BUSINESS TO BUSINESS MARKETING,1051-712X,MKG,,,,,4
JOURNAL OF BUSINESS VENTURING,0883-9026,INNOV,,,,,1*
JOURNAL OF CAREER ASSESSMENT,1069-0727,HRM,,,,,3
JOURNAL OF CAREER DEVELOPMENT,0894-8453,PSY,,,,,4
JOURNAL OF CHANGE MANAGEMENT,1469-7017,STRAT,,,,,4
JOURNAL OF CLEANER PRODUCTION,0959-6526,LOG,,,,,2
JOURNAL OF COMMODITY MARKETS,2405-8513,FIN,,,,,4
JOURNAL OF COMPUTATIONAL FINANCE,1460-1559,FIN,,,,,4
JOURNAL OF COMPUTER MEDIATED COMMUNICATION,1083-6101,MIS,,,,,2
JOURNAL OF CONFLICT RESOLUTION,0022-0027,PSY,,,,,3
JOURNAL OF CONSUMER AFFAIRS,0022-0078,MKG,,,,,3
JOURNAL OF CONSUMER BEHAVIOUR,1472-0817,MKG,,,,,4
JOURNAL OF CONSUMER MARKETING,0736-3761,MKG,,,,,4
JOURNAL OF CONSUMER POLICY,0168-7034,SOC,,,,,4
JOURNAL OF CONSUMER PSYCHOLOGY,1057-7408,MKG,,,,,1
JOURNAL OF CONSUMER RESEARCH,0093-5301,MKG,,,,,1*
"JOURNAL OF CORPORATE FINANCE: CONTRACTING, GOVERNANCE AND ORGANIZATION",0929-1199,FIN,,,,,1
JOURNAL OF CREDIT RISK,1744-6619,FIN,,,,,4
JOURNAL OF CULTURAL ECONOMY,1753-0350,SOC,,,,,4
JOURNAL OF DECISION SYSTEMS,1246-0125,MIS,,,,,4
JOURNAL OF DERIVATIVES,1074-1240,FIN,,,,,3
JOURNAL OF DEVELOPMENT STUDIES,0022-0388,SOC,,,,,3
JOURNAL OF ECONOMETRICS,0304-4076,ECON,,,,,1
JOURNAL OF ECONOMIC BEHAVIOR AND ORGANIZATION,0167-2681,ECON,,,,,2
JOURNAL OF ECONOMIC DYNAMICS AND CONTROL,0165-1889,ECON,,,,,2
JOURNAL OF ECONOMIC GEOGRAPHY,1468-2702,REG&ENV,,,,,1
JOURNAL OF ECONOMIC GROWTH,1381-4338,ECON,,,,,1
JOURNAL OF ECONOMIC LITERATURE,0022-0515,ECON,,,,,1
JOURNAL OF ECONOMIC PERSPECTIVES,0895-3309,ECON,,,,,1
JOURNAL OF ECONOMIC PSYCHOLOGY,0167-4870,PSY,,,,,3
JOURNAL OF ECONOMIC THEORY,0022-0531,ECON,,,,,1
JOURNAL OF ECONOMICS AND MANAGEMENT STRATEGY,1058-6407,STRAT,,,,,2
JOURNAL OF ELECTRONIC COMMERCE RESEARCH,1526-6133,MKG,,,,,4
JOURNAL OF EMERGING MARKET FINANCE,0972-6527,FIN,,,,,4
JOURNAL OF EMPIRICAL FINANCE,0927-5398,FIN,,,,,2
JOURNAL OF EMPLOYMENT COUNSELING,0022-0787,PSY,,,,,4
JOURNAL OF ENGINEERING AND TECHNOLOGY MANAGEMENT,0923-4748,INNOV,,,,,3
JOURNAL OF ENTERPRISE INFORMATION MANAGEMENT,1741-0398,MIS,,,,,4
JOURNAL OF ENTERPRISING CULTURE,0218-4958,INNOV,,,,,4
JOURNAL OF ENVIRONMENTAL ECONOMICS AND MANAGEMENT,0095-0696,ECON,,,,,1
JOURNAL OF ENVIRONMENTAL MANAGEMENT,0301-4797,SOC,,,,,2
JOURNAL OF FAMILY BUSINESS STRATEGY,1877-8585,INNOV,,,,,3
JOURNAL OF FASHION MARKETING AND MANAGEMENT,1361-2026,MKG,,,,,4
JOURNAL OF FINANCE,0022-1082,FIN,,,,,1*
JOURNAL OF FINANCIAL AND QUANTITATIVE ANALYSIS,0022-1090,FIN,,,,,1
JOURNAL OF FINANCIAL ECONOMETRICS,1479-8409,FIN,,,,,2
JOURNAL OF FINANCIAL ECONOMICS,0304-405X,FIN,,,,,1*
JOURNAL OF FINANCIAL INTERMEDIATION,1042-9573,FIN,,,,,1
JOURNAL OF FINANCIAL MARKETS,1386-4181,FIN,,,,,2
JOURNAL OF FINANCIAL RESEARCH,0270-2592,FIN,,,,,3
JOURNAL OF FINANCIAL SERVICES RESEARCH,0920-8550,FIN,,,,,3
JOURNAL OF FINANCIAL STABILITY,1572-3089,FIN,,,,,3
JOURNAL OF FIXED INCOME,1059-8596,FIN,,,,,3
JOURNAL OF FORECASTING,0277-6693,ECON,,,,,3
JOURNAL OF FUTURES MARKETS,0270-7314,FIN,,,,,3
JOURNAL OF GENERAL MANAGEMENT,0306-3070,GEN MAN,,,,,4
JOURNAL OF GLOBAL INFORMATION MANAGEMENT,1062-7375,MIS,,,,,3
"JOURNAL OF HEALTH POLITICS, POLICY AND LAW",0361-6878,HLTH,,,,,4
JOURNAL OF HEALTH SERVICES RESEARCH AND POLICY,1355-8196,HLTH,,,,,4
JOURNAL OF HIGH TECHNOLOGY MANAGEMENT RESEARCH,1047-8310,INNOV,,,,,4
JOURNAL OF HISTORICAL RESEARCH IN MARKETING,1755-750X,BUS HIST,,,,,4
JOURNAL OF HOSPITALITY AND TOURISM MANAGEMENT,1447-6770,SECTOR,,,,,4
JOURNAL OF HOSPITALITY AND TOURISM RESEARCH,1096-3480,SECTOR,,,,,4
"JOURNAL OF HOSPITALITY, LEISURE, SPORT AND TOURISM EDUCATION",1473-8376,SECTOR,,,,,4
JOURNAL OF HUMAN RESOURCES,0022-166X,HRM,,,,,2
JOURNAL OF INDUSTRIAL ECONOMICS,0022-1821,ECON,,,,,2
JOURNAL OF INDUSTRIAL RELATIONS,0022-1856,HRM,,,,,4
JOURNAL OF INFORMATION SYSTEMS,0888-7985,MIS,,,,,4
JOURNAL OF INFORMATION TECHNOLOGY,0268-3962,MIS,,,,,1
JOURNAL OF INTELLECTUAL CAPITAL,1469-1930,INNOV,,,,,4
JOURNAL OF INTERACTIVE MARKETING,1094-9968,MKG,,,,,2
JOURNAL OF INTERNATIONAL ACCOUNTING RESEARCH,1542-6297,ACC,,,,,3
JOURNAL OF INTERNATIONAL BUSINESS STUDIES,0047-2506,STRAT,,,,,1*
JOURNAL OF INTERNATIONAL ECONOMICS,0022-1996,ECON,,,,,1
JOURNAL OF INTERNATIONAL ENTREPRENEURSHIP,1570-7385,INNOV,,,,,4
"JOURNAL OF INTERNATIONAL FINANCIAL MARKETS, INSTITUTIONS AND MONEY",1042-4431,FIN,,,,,3
JOURNAL OF INTERNATIONAL MANAGEMENT,1075-4253,STRAT,,,,,3
JOURNAL OF INTERNATIONAL MARKETING,1069-031X,MKG,,,,,2
JOURNAL OF INTERNATIONAL MONEY AND FINANCE,0261-5606,FIN,,,,,2
JOURNAL OF KNOWLEDGE MANAGEMENT,1367-3270,ORG STUD,,,,,2
JOURNAL OF LABOR ECONOMICS,0734-306X,ECON,,,,,1
JOURNAL OF LABOR RESEARCH,0195-3613,HRM,,,,,4
JOURNAL OF LAW AND ECONOMICS,0022-2186,ECON,,,,,1
"JOURNAL OF LAW, ECONOMICS, AND ORGANIZATION",8756-6222,ECON,,,,,2
JOURNAL OF LEGAL STUDIES,0047-2530,ECON,,,,,3
JOURNAL OF MACROECONOMICS,0164-0704,ECON,,,,,3
JOURNAL OF MACROMARKETING,0276-1467,MKG,,,,,3
JOURNAL OF MANAGEMENT,0149-2063,GEN MAN,,,,,1
JOURNAL OF MANAGEMENT & ORGANIZATION,1833-3672,GEN MAN,,,,,4
JOURNAL OF MANAGEMENT ACCOUNTING RESEARCH,1049-2127,ACC,,,,,3
JOURNAL OF MANAGEMENT AND GOVERNANCE,1385-3457,GEN MAN,,,,,4
JOURNAL OF MANAGEMENT DEVELOPMENT,0262-1711,HRM,,,,,4
JOURNAL OF MANAGEMENT HISTORY,1751-1348,BUS HIST,,,,,4
JOURNAL OF MANAGEMENT IN ENGINEERING,0742-597X,SECTOR,,,,,4
JOURNAL OF MANAGEMENT INFORMATION SYSTEMS,0742-1222,MIS,,,,,1
JOURNAL OF MANAGEMENT INQUIRY,1056-4926,GEN MAN,,,,,2
JOURNAL OF MANAGEMENT STUDIES,0022-2380,GEN MAN,,,,,1
"JOURNAL OF MANAGEMENT, SPIRITUALITY AND RELIGION",1476-6086,GEN MAN,,,,,4
JOURNAL OF MANAGERIAL PSYCHOLOGY,0268-3946,HRM,,,,,3
JOURNAL OF MANUFACTURING SYSTEMS,0278-6125,LOG,,,,,4
JOURNAL OF MANUFACTURING TECHNOLOGY MANAGEMENT,1741-038X,GEN MAN,,,,,4
JOURNAL OF MARKETING,0022-2429,MKG,,,,,1*
JOURNAL OF MARKETING EDUCATION,0273-4753,MKG,,,,,4
JOURNAL OF MARKETING MANAGEMENT,0267-257X,MKG,,,,,3
JOURNAL OF MARKETING RESEARCH,0022-2437,MKG,,,,,1*
JOURNAL OF MARKETING THEORY AND PRACTICE,1069-6679,MKG,,,,,4
JOURNAL OF MARKETING TRENDS,1961-7798,MKG,,,,,4
JOURNAL OF MATHEMATICAL ECONOMICS,0304-4068,ECON,,,,,2
JOURNAL OF MONETARY ECONOMICS,0304-3932,ECON,,,,,1
"JOURNAL OF MONEY, CREDIT AND BANKING",0022-2879,FIN,,,,,1
JOURNAL OF MULTINATIONAL FINANCIAL MANAGEMENT,1042-444X,FIN,,,,,4
JOURNAL OF NURSING MANAGEMENT,0966-0429,HLTH,,,,,4
JOURNAL OF OCCUPATIONAL AND ORGANIZATIONAL PSYCHOLOGY,0963-1798,HRM,,,,,2
JOURNAL OF OCCUPATIONAL HEALTH PSYCHOLOGY,1076-8998,HRM,,,,,2
JOURNAL OF OPERATIONS MANAGEMENT,0272-6963,LOG,,,,,1*
JOURNAL OF ORGANIZATIONAL AND END USER COMPUTING,1546-2234,MIS,,,,,4
JOURNAL OF ORGANIZATIONAL BEHAVIOR,0894-3796,ORG STUD,,,,,1
JOURNAL OF ORGANIZATIONAL BEHAVIOR MANAGEMENT,0160-8061,ORG STUD,,,,,4
JOURNAL OF ORGANIZATIONAL CHANGE MANAGEMENT,0953-4814,ORG STUD,,,,,3
JOURNAL OF PENSION ECONOMICS AND FINANCE,1474-7472,FIN,,,,,4
JOURNAL OF PERSONAL SELLING AND SALES MANAGEMENT,0885-3134,MKG,,,,,3
JOURNAL OF PERSONNEL PSYCHOLOGY,1866-5888,PSY,,,,,4
JOURNAL OF POLITICAL ECONOMY,0022-3808,ECON,,,,,1*
JOURNAL OF PORTFOLIO MANAGEMENT,0095-4918,FIN,,,,,3
JOURNAL OF PRODUCT AND BRAND MANAGEMENT,1061-0421,MKG,,,,,4
JOURNAL OF PRODUCT INNOVATION MANAGEMENT,0737-6782,INNOV,,,,,1
JOURNAL OF PRODUCTIVITY ANALYSIS,0895-562X,MKG,,,,,4
JOURNAL OF PROFESSIONS AND ORGANIZATION,2051-8803,HRM,,,,,4
JOURNAL OF PUBLIC ADMINISTRATION RESEARCH AND THEORY,1053-1858,PUB SEC,,,,,2
JOURNAL OF PUBLIC ECONOMICS,0047-2727,ECON,,,,,1
JOURNAL OF PUBLIC POLICY AND MARKETING,0743-9156,MKG,,,,,2
JOURNAL OF PURCHASING AND SUPPLY MANAGEMENT,1478-4092,LOG,,,,,3
JOURNAL OF QUALITY TECHNOLOGY,0022-4065,MKG,,,,,3
JOURNAL OF REAL ESTATE FINANCE AND ECONOMICS,0895-5638,FIN,,,,,3
JOURNAL OF REGIONAL SCIENCE,0022-4146,REG&ENV,,,,,3
JOURNAL OF RETAILING,0022-4359,MKG,,,,,1
JOURNAL OF RETAILING AND CONSUMER SERVICES,0969-6989,MKG,,,,,3
JOURNAL OF REVENUE AND PRICING MANAGEMENT,1476-6930,GEN MAN,,,,,4
JOURNAL OF RISK,1465-1211,FIN,,,,,4
JOURNAL OF RISK AND INSURANCE,0022-4367,FIN,,,,,2
JOURNAL OF RISK AND UNCERTAINTY,0895-5646,FIN,,,,,2
JOURNAL OF SERVICE MANAGEMENT,1757-5818,GEN MAN,,,,,3
JOURNAL OF SERVICE RESEARCH,1094-6705,MKG,,,,,1
JOURNAL OF SERVICE THEORY AND PRACTICE (Formerly: Managing Service Quality: an International Journal),2055-6225,GEN MAN,,,,,4
JOURNAL OF SERVICES MARKETING,0887-6045,MKG,,,,,3
JOURNAL OF SMALL BUSINESS AND ENTERPRISE DEVELOPMENT,1462-6004,INNOV,,,,,4
JOURNAL OF SMALL BUSINESS AND ENTREPRENEURSHIP,0827-6331,INNOV,,,,,4
JOURNAL OF SMALL BUSINESS MANAGEMENT,0047-2778,INNOV,,,,,2
JOURNAL OF SPORT MANAGEMENT,0888-4773,SECTOR,,,,,4
JOURNAL OF STRATEGIC INFORMATION SYSTEMS,0963-8687,MIS,,,,,2
JOURNAL OF STRATEGIC MARKETING,0965-254X,MKG,,,,,4
JOURNAL OF SUPPLY CHAIN MANAGEMENT,1523-2409,LOG,,,,,2
JOURNAL OF SUSTAINABLE TOURISM,0966-9582,SECTOR,,,,,3
JOURNAL OF TECHNOLOGY TRANSFER,0892-9912,INNOV,,,,,3
JOURNAL OF THE ACADEMY OF MARKETING SCIENCE,0092-0703,MKG,,,,,1
JOURNAL OF THE ASSOCIATION FOR INFORMATION SYSTEMS,1536-9323,MIS,,,,,1
JOURNAL OF THE EUROPEAN ECONOMIC ASSOCIATION,1542-4766,ECON,,,,,1
JOURNAL OF THE HISTORY OF ECONOMIC THOUGHT,1053-8372,ECON,,,,,4
JOURNAL OF THE OPERATIONAL RESEARCH SOCIETY,0160-5682,LOG,,,,,2
JOURNAL OF TRANSPORT ECONOMICS AND POLICY,0022-5258,SECTOR,,,,,4
JOURNAL OF TRANSPORT GEOGRAPHY,0966-6923,SECTOR,,,,,4
JOURNAL OF TRAVEL & TOURISM MARKETING,1054-8408,SECTOR,,,,,3
JOURNAL OF TRAVEL RESEARCH,0047-2875,SECTOR,,,,,2
JOURNAL OF URBAN ECONOMICS,0094-1190,ECON,,,,,2
JOURNAL OF VOCATIONAL BEHAVIOR,0001-8791,HRM,,,,,2
JOURNAL OF WORLD BUSINESS,1090-9516,STRAT,,,,,1
Journal Européen des Systèmes Automatisés,1269-6935,Log,3,,,,
Journal d'Economie Médicale,0294-0736,Santé,4,,,,
"Journal de Gestion et d'Economie 
Médicale",0294-0736,HLTH,,4,4,,
"Journal de Gestion et d'Economie 
Médicales",0294-0736,HLTH,,,,4,
"Journal of Accounting Auditing and 
Finance",0148-558X,ACC,,3,,,
Journal of Accounting Auditing and Finance,0148-558X,CPT,3,,,,
Journal of Accounting Literature,0737-4607,ACC,,3,3,3,
Journal of Accounting Literature,0737-4607,CPT,3,,,,
Journal of Accounting Research,0021-8456,ACC,,1,1,1,
Journal of Accounting Research,0021-8456,CPT,1,,,,
"Journal of Accounting and 
Organizational Change",1832-5912,ACC,,,4,4,
Journal of Accounting and Economics,0165-4101,ACC,,1,1,1,
Journal of Accounting and Economics,0165-4101,CPT,1,,,,
"Journal of Accounting and Public 
Policy",0278-4254,ACC,,2,2,2,
Journal of Accounting and Public Policy,0278-4254,CPT,2,,,,
"Journal of Accounting, Auditing 
and Finance",0148-558X,ACC,,,,3,
"Journal of Accounting, Auditing and 
Finance",0148-558X,ACC,,,3,,
Journal of Advertising,0091-3367,MKG,,2,2,2,
Journal of Advertising,0091-3367,Mkg,2,,,,
Journal of Advertising Research,0021-8499,MKG,,3,2,2,
Journal of Advertising Research,0021-8499,Mkg,3,,,,
Journal of Alternative Investments,1520-3255,FIN,,4,4,4,
"Journal of Applied Accounting 
Research",0967-5426,ACC,,3,,3,
Journal of Applied Accounting Research,0967-5426,ACC,,,3,,
Journal of Applied Accounting Research,0967-5426,CPT,3,,,,
Journal of Applied Behavioral Science,0021-8863,ORG STUD,,3,,,
Journal of Applied Behavioral Science,0021-8863,THO,3,,,,
Journal of Applied Business Research,0892-7626,GEN MAN,,3,,,
Journal of Applied Business Research,0892-7626,MgtGen,3,,,,
Journal of Applied Psychology,0021-9010,APP PSY/SOC,,,,1,
Journal of Applied Psychology,0021-9010,HRM,,1,1,,
Journal of Applied Social Psychology,0021-9029,APP PSY/SOC,,,,3,
"Journal of Arts Management, Law 
and Society",1063-2921,GEN MAN,,4,4,,
"Journal of Arts Management, Law and Society",1063-2921,MgtGen,4,,,,
Journal of Asset Management,1470-8272,FIN,,4,4,4,
Journal of Asset Management,1470-8272,Fin,4,,,,
Journal of Banking and Finance,0378-4266,FIN,,1,1,1,
Journal of Banking and Finance,0378-4266,Fin,1,,,,
Journal of Behavioral Finance,1542-7560,FIN,,4,4,4,
"Journal of Behavioral and 
Experimental Economics (formerly 
Journal of Socio-economics)",2214-8043,ORG STUD,,,,3,
Journal of Brand Management,1350-231X,MKG,,4,4,3,
Journal of Brand Management,1350-231X,Mkg,4,,,,
"Journal of Business & Industrial 
Marketing",0885-8624,MKG,,3,,3,
Journal of Business & Industrial Marketing,0885-8624,MKG,,,3,,
Journal of Business & Industrial Marketing,0885-8624,Mkg,3,,,,
Journal of Business Ethics,0167-4544,GRH,2,,,,
Journal of Business Ethics,0167-4544,HRM,,2,2,1,
"Journal of Business Finance and 
Accounting",0306-686X,ACC / FIN,,2,2,,
"Journal of Business Finance and 
Accounting",0306-686X,ACC/FIN,,,,2,
Journal of Business Finance and Accounting,0306-686X,CPT/Fin,2,,,,
Journal of Business Logistics,0735-3766,LOG,,2,2,2,
Journal of Business Logistics,0735-3766,Log,3,,,,
Journal of Business Research,0148-2963,MKG,,2,2,2,
Journal of Business Research,0148-2963,Mkg,2,,,,
Journal of Business Strategy,0275-6668,STRAT,,3,3,4,
Journal of Business Strategy,0275-6668,Strat,3,,,,
Journal of Business Venturing,0883-9026,INNOV,,1,1*,1*,
Journal of Business Venturing,0883-9026,Innov,1,,,,
Journal of Business and Psychology,0889-3268,HRM,,,,3,
"Journal of Business-to-Business 
Marketing",1051-712X,MKG,,4,4,4,
Journal of Business-to-Business Marketing,1051-712X,Mkg,4,,,,
Journal of Career Assessment,1069-0727,HRM,,,3,3,
Journal of Change Management,1469-7017,STRAT,,4,4,4,
Journal of Change Management,1469-7017,Strat,4,,,,
Journal of Cleaner Production,0959- 6526,LOG,,,3,,
Journal of Cleaner Production,0959-6526,LOG,,,,3,
"Journal of Computer Mediated 
Communication",1083-6101,MKG,,3,,,
"Journal of Computer-Mediated 
Communication",1083-6101,MIS,,,,2,
"Journal of Computer-Mediated 
Communication",1083-6101,MKG,,,2,,
Journal of Consumer Affairs,0022-0078,MKG,,4,3,3,
Journal of Consumer Affairs,1745-6606,Mkg,3,,,,
Journal of Consumer Marketing,0736-3761,MKG,,4,4,4,
Journal of Consumer Marketing,0736-3761,Mkg,4,,,,
Journal of Consumer Psychology,1057-7408,MKG,,1,1,1,
Journal of Consumer Psychology,1057-7408,Mkg,1,,,,
Journal of Consumer Research,0093-5301,MKG,,1,1,1,
Journal of Consumer Research,0093-5301,Mkg,1,,,,
Journal of Corporate Finance,0929-1199,FIN,,,2,2,
"Journal of Corporate Finance: 
Contracting, Governance and 
Organization",0929-1199,FIN,,2,,,
"Journal of Corporate Finance: Contracting, 
Governance and Organization",0929-1199,Fin,2,,,,
Journal of Decision Systems,1246-0125,MIS,,4,4,4,
Journal of Decision Systems,1246-0125,SI,4,,,,
Journal of Derivatives,1074-1240,FIN,,3,3,3,
Journal of Derivatives,1074-1240,Fin,3,,,,
Journal of Developmental Entrepreneurship,1084-9467,INNOV,,,4,,
"Journal of Economics and 
Management Strategy",1058-6407,STRAT,,1,2,2,
Journal of Economics and Management Strategy,1058-6407,Strat,1,,,,
Journal of Emerging Market Finance,0972-6527,FIN,,,4,4,
Journal of Empirical Finance,0927-5398,FIN,,3,2,2,
Journal of Empirical Finance,0927-5398,Fin,3,,,,
"Journal of Engineering and 
Technology Management",0923-4748,INNOV,,3,3,3,
"Journal of Engineering and Technology 
Management",0923-4748,Innov,3,,,,
"Journal of Enterprise Information 
Management",1741-0398,MIS,,4,4,3,
Journal of Enterprise Information Management,1741-0398,SI,4,,,,
Journal of Enterprising Culture,0218-4958,INNOV,,4,4,4,
Journal of Enterprising Culture,0218-4958,Innov,4,,,,
Journal of Family Business Strategy,1877-8585,INNOV,,,4,3,
Journal of Finance,0022-1082,FIN,,1*,1*,1*,
Journal of Finance,0022-1082,Fin,1*,,,,
Journal of Financial Economics,0304-405X,FIN,,1,1,1,
Journal of Financial Economics,0304-405X,Fin,1,,,,
Journal of Financial Intermediation,1042-9573,FIN,,2,2,2,
Journal of Financial Intermediation,1042-9573,Fin,2,,,,
Journal of Financial Markets,1386-4181,FIN,,2,2,2,
Journal of Financial Markets,1386-4181,Fin,3,,,,
Journal of Financial Research,0270-2592,FIN,,3,3,3,
Journal of Financial Research,0270-2592,Fin,3,,,,
"Journal of Financial Services 
Research",0920-8550,FIN,,3,,3,
Journal of Financial Services Research,0920-8550,FIN,,,3,,
Journal of Financial Services Research,0920-8550,Fin,3,,,,
Journal of Financial Stability,1572-3089,FIN,,,3,3,
"Journal of Financial and 
Quantitative Analysis",0022-1090,FIN,,,,1,
"Journal of Financial and Quantitative 
Analysis",0022-1090,FIN,,1,1,,
Journal of Financial and Quantitative Analysis,0022-1090,Fin,1,,,,
Journal of Fixed Income,1059-8596,FIN,,3,3,3,
Journal of Fixed Income,1059-8596,Fin,3,,,,
Journal of Futures Markets,0270-7314,FIN,,3,3,3,
Journal of Futures Markets,0270-7314,Fin,3,,,,
Journal of General Management,0306-3070,GEN MAN,,,,4,
"Journal of Global Information 
Management",1062-7375,MIS,,2,,3,
Journal of Global Information Management,1062-7375,MIS,,,3,,
Journal of Global Information Management,1062-7375,SI,2,,,,
Journal of Health Economics,0167-6296,Santé,1,,,,
"Journal of Health Politics, Policy 
and Law",0361-6878,HLTH,,3,,4,
"Journal of Health Politics, Policy and Law",0361-6878,HLTH,,,4,,
"Journal of Health Politics, Policy and Law",0361-6878,Santé,3,,,,
"Journal of Health Services Research 
and Policy",1355-8196,HLTH,,4,4,4,
Journal of Health Services Research and Policy,1355-8196,Santé,4,,,,
"Journal of High Technology 
Management Research",1047-8310,INNOV,,4,4,4,
"Journal of High Technology Management 
Research",1047-8310,Innov,4,,,,
Journal of Human Resources,0022-166X,HRM,,,,2,
Journal of Industrial Relations,0022-1856,HRM,,,,4,
Journal of Information Technology,0268-3962,MIS,,2,1,1,
Journal of Information Technology,0268-3962,SI,3,,,,
Journal of Interactive Marketing,1094-9968,MKG,,3,2,2,
Journal of Interactive Marketing,1094-9968,Mkg,3,,,,
"Journal of International 
Entrepreneurship",1570-7385,INNOV,,3,,4,
"Journal of International Accounting 
Research",1542-6297,ACC,,3,3,3,
Journal of International Accounting Research,1542-6297,CPT,3,,,,
"Journal of International Business 
Studies",0047-2506,STRAT,,1,1,1,
Journal of International Business Studies,0047-2506,Strat,1,,,,
Journal of International Entrepreneurship,1570-7385,INNOV,,,3,,
Journal of International Entrepreneurship,1570-7385,Innov,3,,,,
"Journal of International Financial 
Markets, Institutions & Money",1042-4431,FIN,,,,3,
Journal of International Management,1075-4253,STRAT,,3,3,3,
Journal of International Management,1075-4253,Strat,3,,,,
Journal of International Marketing,1069-031X,MKG,,3,2,2,
Journal of International Marketing,1069-031X,Mkg,3,,,,
"Journal of International Money and 
Finance",0261-5606,FIN,,,,2,
Journal of Knowledge Management,1367-3270,ORG STUD,,4,3,3,
Journal of Knowledge Management,1367-3270,THO,4,,,,
Journal of Labor Research,0195-3613,HRM,,,,4,
Journal of MIS,0742-1222,MIS,,1,,,
Journal of MIS,0742-1222,SI,1,,,,
Journal of Macromarketing,0276-1467,MKG,,3,3,3,
Journal of Macromarketing,0276-1467,Mkg,3,,,,
Journal of Management,0149-2063,GEN MAN,,1,1,1,
Journal of Management,0149-2063,MgtGen,2,,,,
"Journal of Management Accounting 
Research",1049-2127,ACC,,3,3,3,
Journal of Management Accounting Research,1049-2127,CPT,3,,,,
Journal of Management Development,0262-1711,GRH,4,,,,
Journal of Management Development,0262-1711,HRM,,4,4,4,
"Journal of Management Information 
Systems",0742-1222,MIS,,,1,1,
Journal of Management Inquiry,1056-4926,GEN MAN,,3,2,2,
Journal of Management Inquiry,1056-4926,MgtGen,3,,,,
Journal of Management Studies,0022-2380,GEN MAN,,1,1,1,
Journal of Management Studies,0022-2380,MgtGen,1,,,,
"Journal of Management and 
Governance",1385-3457,ACC / FIN,,4,,,
"Journal of Management and 
Governance",1385-3457,ACC/FIN,,,,4,
Journal of Management and Governance,1385-3457,ACC / FIN,,,4,,
Journal of Managerial Psychology,0268-3946,GRH,4,,,,
Journal of Managerial Psychology,0268-3946,HRM,,4,3,3,
Journal of Manufacturating Systems,0278-6125,Log,3,,,,
Journal of Manufacturing Systems,0278-6125,LOG,,3,3,3,
"Journal of Manufacturing and 
Operations Management",0890-2577,LOG,,3,4,,
"Journal of Manufacturing and Operations 
Management",0890-2577,Log,3,,,,
Journal of Marketing,0022-2429,MKG,,1*,1*,1*,
Journal of Marketing,0022-2429,Mkg,1*,,,,
Journal of Marketing Education,0273-4753,MKG,,,4,4,
Journal of Marketing Management,0267-257X,MKG,,3,3,3,
Journal of Marketing Management,0267-257X,Mkg,3,,,,
Journal of Marketing Research,0022-2437,MKG,,1,1,1,
Journal of Marketing Research,0022-2437,Mkg,1,,,,
"Journal of Marketing Theory 
and Practice",1069-6679,MKG,,,,4,
"Journal of Marketing Theory and 
Practice",1069-6679,MKG,,4,4,,
Journal of Marketing Theory and Practice,1069-6679,Mkg,4,,,,
Journal of Marketing Trends,2114-8910,MKG,,,4,4,
"Journal of Multinational Financial 
Management",1042-444X,FIN,,4,4,4,
Journal of Multinational Financial Management,1042-444X,Fin,4,,,,
Journal of Nursing Management,0966-0429,HLTH,,4,4,4,
"Journal of Occupational Health 
Psychology",1076-8998,HRM,,,,3,
Journal of Occupational Health Psychology,1076-8998,HRM,,,3,,
"Journal of Occupational and 
Organizational Psychology",0963-1798,HRM,,2,2,2,
"Journal of Occupational and Organizational 
Psychology",0963-1798,GRH,2,,,,
Journal of Operations Management,0272-6963,LOG,,1,1,1,
Journal of Operations Management,0272-6963,Log,1,,,,
Journal of Organizational Behavior,0894-3796,ORG STUD,,1,1,1,
Journal of Organizational Behavior,0894-3796,THO,2,,,,
"Journal of Organizational Behavior 
Management",0160-8061,ORG STUD,,3,3,4,
Journal of Organizational Behavior Management,0160-8061,THO,3,,,,
"Journal of Organizational Change 
Management",0953-4814,ORG STUD,,3,3,3,
Journal of Organizational Change Management,0953-4814,THO,3,,,,
"Journal of Organizational and End 
User Computing",1546-2234,MIS,,3,3,4,
"Journal of Organizational and End User 
Computing",1546-2234,SI,3,,,,
"Journal of Pension Economics 
and Finance",1474-7472,FIN,,,,4,
"Journal of Pension Economics and 
Finance",1474-7472,FIN,,,4,,
"Journal of Personal Selling 
and Sales Management",0885-3134,MKG,,,,3,
"Journal of Personal Selling and Sales 
Management",0885-3134,MKG,,3,3,,
"Journal of Personal Selling and Sales 
Management",0885-3134,Mkg,3,,,,
Journal of Portfolio Management,0095-4918,FIN,,3,3,3,
Journal of Portfolio Management,0095-4918,Fin,3,,,,
"Journal of Product Innovation 
Management",0737-6782,INNOV,,1,,1,
Journal of Product Innovation Management,0737-6782,INNOV,,,1,,
Journal of Product Innovation Management,0737-6782,Innov,1,,,,
"Journal of Product and Brand 
Management",1061-0421,MKG,,4,,3,
Journal of Product and Brand Management,1061-0421,MKG,,,4,,
Journal of Product and Brand Management,1061-0421,Mkg,4,,,,
Journal of Psychology: Interdisciplinary and Applied,1940-1019,PSY,,,,,4
"Journal of Public Administration 
Research and Theory",1053-1858,PUB SEC,,1,1,2,
"Journal of Public Administration Research and 
Theory",1053-1858,Publique,1,,,,
"Journal of Public Policy and 
Marketing",0743-9156,MKG,,3,,2,
Journal of Public Policy and Marketing,0743-9156,MKG,,,3,,
Journal of Public Policy and Marketing,0743-9156,Mkg,3,,,,
"Journal of Purchasing and Supply 
Management",1478-4092,LOG,,3,3,3,
Journal of Purchasing and Supply Management,1478-4092,Log,3,,,,
Journal of Quality Technology,0022-4065,LOG,,3,3,3,
Journal of Quality Technology,0022-4065,Log,2,,,,
"Journal of Real Estate Finance 
and Economics",0895-5638,FIN,,,,3,
"Journal of Real Estate Finance and 
Economics",0895-5638,FIN,,3,3,,
Journal of Real Estate Finance and Economics,0895-5638,Fin,3,,,,
Journal of Retailing,0022-4359,MKG,,2,1,1,
Journal of Retailing,0022-4359,Mkg,2,,,,
"Journal of Retailing and 
Consumer Services",0969-6989,MKG,,,,3,
"Journal of Retailing and Consumer 
Services",0969-6989,MKG,,3,3,,
Journal of Retailing and Consumer Services,0969-6989,Mkg,3,,,,
Journal of Risk and Insurance,0022-4367,FIN,,2,2,2,
Journal of Risk and Insurance,0022-4367,Fin,2,,,,
Journal of Risk and Uncertainty,0895-5646,FIN,,2,2,2,
Journal of Risk and Uncertainty,0895-5646,Fin,2,,,,
Journal of Service Management,1757-5818,GEN MAN,,4,3,3,
Journal of Service Research,1094-6705,MKG,,2,1,1,
Journal of Service Research,1094-6705,Mkg,2,,,,
Journal of Services Marketing,0887-6045,MKG,,3,3,3,
Journal of Services Marketing,0887-6045,Mkg,3,,,,
"Journal of Small Business 
Management",0047-2778,INNOV,,2,2,2,
"Journal of Small Business & 
Entrepreneurship",0827-6331,INNOV,,,,4,
Journal of Small Business Management,0047-2778,Innov,2,,,,
"Journal of Small Business and 
Enterprise Development",1462-6004,INNOV,,4,4,4,
"Journal of Small Business and 
Entrepreneurship",0827-6331,INNOV,,,4,,
"Journal of Small Business and Enterprise 
Development",1462-6004,Innov,4,,,,
"Journal of Strategic Information 
Systems",0963-8687,MIS,,2,,2,
Journal of Strategic Information Systems,0963-8687,MIS,,,2,,
Journal of Strategic Information Systems,0963-8687,SI,2,,,,
Journal of Strategic Marketing,0965-254X,MKG,,4,4,4,
Journal of Strategic Marketing,1466-4488,Mkg,4,,,,
Journal of Supply Chain Management,1523-2409,LOG,,3,2,2,
Journal of Supply Chain Management,1523-2409,Log,4,,,,
Journal of Sustainable Tourism,0966-9582,TOUR,,,,3,
Journal of Technology Transfer,0892-9912,INNOV,,3,3,3,
Journal of Technology Transfer,0892-9912,Innov,3,,,,
"Journal of Travel & Tourism 
Marketing",1054-8408,MKG / TOUR,,,,3,
Journal of Travel & Tourism Marketing,1540-7306,Mkg,4,,,,
Journal of Travel Research,0047-2875,GEN MAN,,,2,,
Journal of Travel Research,0047-2875,TOUR,,,,2,
"Journal of Travel and Tourism 
Marketing",1054-8408,MKG,,4,,,
Journal of Travel and Tourism Marketing,1054-8408,MKG,,,4,,
Journal of Vocational Behavior,0001-8791,GRH,2,,,,
Journal of Vocational Behavior,0001-8791,HRM,,2,2,2,
Journal of World Business,1090-9516,STRAT,,,,2,
"Journal of World Business 
(formely Columbia JWB)",1090-9516,STRAT,,2,2,,
"Journal of World Business (formely Columbia 
JWB)",1090-9516,Strat,2,,,,
"Journal of the Academy of Marketing 
Science",0092-0703,MKG,,2,1,1,
Journal of the Academy of Marketing Science,0092-0703,Mkg,2,,,,
"Journal of the Association for 
Information Systems",1536-9323,MIS,,2,2,2,
"Journal of the Association for Information 
Systems",1536-9323,SI,2,,,,
"Journal of the Operational Research 
Society",0160-5682,LOG,,,3,2,
Judgment and Decision Making,1930-2975,PSY,,,,,3
KNOWLEDGE AND PROCESS MANAGEMENT,1099-1441,ORG STUD,,,,,4
KNOWLEDGE MANAGEMENT RESEARCH & PRACTICE,1477-8238,MIS,,,,,3
KYKLOS,0023-5962,SOC,,,,,3
"Knowledge Management Research 
& Practice",1477-8238,MIS,,,,3,
"Knowledge Management Research & 
Practice",1477-8238,MIS,,3,3,,
Knowledge Management Research & Practice,1477-8238,SI,3,,,,
Knowledge and Process Management,1099-1441,ORG STUD,,,4,4,
LA REVUE DES SCIENCES DE GESTION,1160-7742,GEN MAN,,,,,4
LA REVUE DU FINANCIER,0223-0143,FIN,,,,,EM
LABOR HISTORY,0023-656X,BUS HIST,,,,,4
LABOUR ECONOMICS,0927-5371,ECON,,,,,2
LAND ECONOMICS,0023-7639,ECON,,,,,3
LEADERSHIP,1742-7150,ORG STUD,,,,,4
LEADERSHIP AND ORGANIZATION DEVELOPMENT JOURNAL,0143-7739,ORG STUD,,,,,4
LEADERSHIP QUARTERLY,1048-9843,HRM,,,,,1
LEISURE STUDIES,0261-4367,SECTOR,,,,,4
LOCAL ECONOMY,0269-0942,GEN MAN,,,,,4
LOCAL GOVERNMENT STUDIES,0300-3930,PUB SEC,,,,,3
LOGISTIQUE ET MANAGEMENT,1250-7970,LOG,,,,,2
LONG RANGE PLANNING M@N@GEMENT,0024-6301,STRAT,,,,,2
La Revue des Sciences de Gestion,1160-7742,GEN MAN,,4,4,4,
La Revue du Financier,0223-0143,Fin,4,,,,
Labor History,0023-656X,BUS HIST,,4,4,4,
Labor History,0023-656X,HPM,4,,,,
Leadership,1742-7150,ORG STUD,,4,4,4,
Leadership,1742-7150,THO,4,,,,
"Leadership & Organization 
Development Journal",0143-7739,ORG STUD,,,,4,
Leadership Quarterly,1048-9843,GRH,2,,,,
Leadership Quarterly,1048-9843,HRM,,2,1,1,
Learning Organization,0969-6474,ORG STUD,,4,4,,
Learning Organization,0969-6474,THO,4,,,,
Local Economy,0269-0942,GEN MAN,,,4,4,
Local Government Studies,0300-3930,PUB SEC,,3,3,3,
Local Government Studies,0300-3930,Publique,3,,,,
Logistique & Management,1250-7970,LOG,,,,3,
Logistique & Management,1250-7970,Log,4,,,,
Logistique & Management,2377-9640,LOG,,,4,,
Logistique et Management,1250-7970,LOG,,4,,,
Long Range Planning,0024-6301,STRAT,,2,2,2,
Long Range Planning,0024-6301,Strat,2,,,,
M@n@gement,1286-4892,GEN MAN,,2,2,2,
M@n@gement,1286-4892,MgtGen,2,,,,
MACROECONOMIC DYNAMICS,1365-1005,ECON,,,,,3
MANAGEMENT & AVENIR MANAGEMENT & AVENIR SANTE,1768-5958,GEN MAN,,,,,3
MANAGEMENT ACCOUNTING RESEARCH,1044-5005,ACC,,,,,1
MANAGEMENT AND ORGANIZATION REVIEW,1740-8776,ORG STUD,,,,,3
MANAGEMENT AND ORGANIZATIONAL HISTORY,1744-9359,BUS HIST,,,,,4
MANAGEMENT COMMUNICATION QUARTERLY,0893-3189,ORG STUD,,,,,4
MANAGEMENT DECISION,0025-1747,GEN MAN,,,,,4
MANAGEMENT ET SCIENCES SOCIALES,1952-3262,GEN MAN,,,,,4
MANAGEMENT INTERNATIONAL,1206-1697,STRAT,,,,,2
MANAGEMENT INTERNATIONAL REVIEW,0938-8249,STRAT,,,,,3
MANAGEMENT LEARNING,1350-5076,GEN MAN,,,,,2
MANAGEMENT RESEARCH REVIEW,2040-8269,GEN MAN,,,,,4
MANAGEMENT SCIENCE,0025-1909,GEN MAN,,,,,1*
MANAGERIAL AND DECISION ECONOMICS,0143-6570,GEN MAN,,,,,3
MANAGERIAL AUDITING JOURNAL,0268-6902,ACC,,,,,3
MANAGERIAL FINANCE,0307-4358,FIN,,,,,4
MANUFACTURING AND SERVICE OPERATIONS MANAGEMENT,1523-4614,LOG,,,,,1
MARINE POLICY,0308-597X,SECTOR,,,,,4
MARINE RESOURCE ECONOMICS,0738-1360,SECTOR,,,,,4
MARKETING LETTERS,0923-0645,MKG,,,,,2
MARKETING SCIENCE,0732-2399,MKG,,,,,1*
MARKETING THEORY,1470-5931,MKG,,,,,3
MATHEMATICAL FINANCE,0960-1627,FIN,,,,,2
MEASURING BUSINESS EXCELLENCE,1368-3047,GEN MAN,,,,,4
MEDICAL CARE,0025-7079,HLTH,,,,,2
MEDICAL CARE RESEARCH AND REVIEW,1077-5587,HLTH,,,,,4
MEDICAL DECISION MAKING,0272-989X,HLTH,,,,,3
MIS QUARTERLY,0276-7783,MIS,,,,,1*
MIS QUARTERLY EXECUTIVE,1540-1960,MIS,,,,,3
MIS Quarterly,0276-7783,MIS,,1*,1*,1*,
MIS Quarterly,0276-7783,SI,1*,,,,
"MIS Quarterly Executive: a research 
journal dedicated to improving prac-
tice",1540-1960,MIS,,,,3,
"MIS Quarterly Executive: a research 
journal dedicated to improving practice",1540 -1960,MIS,,,3,,
MIT SLOAN MANAGEMENT REVIEW,1532-9194,GEN MAN,,,,,2
MIT Sloan Management Review,1532-9194,GEN MAN,,,2,2,
MULTINATIONAL BUSINESS REVIEW,1525-383X,STRAT,,,,,4
Management & Avenir,1768-5958,GEN MAN,,4,3,3,
Management & Avenir,1768-5958,MgtGen,4,,,,
Management Accounting Quarterly,1528-5359,ACC,,4,4,,
Management Accounting Quarterly,1528-5359,CPT,4,,,,
Management Accounting Research,1044-5005,ACC,,2,2,1,
Management Accounting Research,1044-5005,CPT,2,,,,
"Management Communication 
Quarterly",0893-3189,ORG STUD,,4,,3,
Management Communication Quarterly,0893-3189,ORG STUD,,,4,,
Management Communication Quarterly,0893-3189,THO,4,,,,
Management Decision,0025-1747,GEN MAN,,4,3,3,
Management Decision,0025-1747,MgtGen,4,,,,
Management International,1206-1697,STRAT,,2,2,2,
Management International,1206-1697,Strat,3,,,,
Management International Review,0025-181X,STRAT,,3,3,,
Management International Review,0025-181X,Strat,3,,,,
Management International Review,0938-8249,STRAT,,,,3,
Management Learning,1350-5076,GEN MAN,,3,2,2,
Management Learning,1350-5076,MgtGen,3,,,,
Management Science,0025-1909,"GEN MAN /
LOG",,1*,1*,,
Management Science,0025-1909,"GEN MAN/
LOG",,,,1*,
Management Science,0025-1909,MgtGen/Log,1*,,,,
"Management and Organization 
Review",1740-8776,ORG STUD,,,,3,
"Management and Organizational 
History",1744-9359,BUS HIST,,4,,4,
Management and Organizational History,1744-9359,BUS HIST,,,4,,
Management and Organizational History,1744-9359,HPM,4,,,,
Management et Sciences Sociales,1952-3262,GEN MAN,,,4,4,
Managerial Auditing Journal,0268-6902,ACC,,4,4,3,
Managerial Auditing Journal,0268-6902,CPT,4,,,,
Managerial Finance,0307-4358,FIN,,4,4,4,
Managerial Finance,0307-4358,Fin,4,,,,
"Manufacturing and Service 
Operations Management",1523-4614,LOG,,2,2,1,
"Manufacturing and Service Operations 
Management",1523-4614,Log,4,,,,
Marketing Letters,0923-0645,MKG,,2,2,2,
Marketing Letters,0923-0645,Mkg,2,,,,
Marketing Science,0732-2399,MKG,,1,1,1,
Marketing Science,0732-2399,Mkg,1,,,,
Marketing Theory,1470-5931,MKG,,4,3,3,
Marketing Theory,1470-5931,Mkg,4,,,,
Mathematical Finance,0960-1627,FIN,,2,2,2,
Mathematical Finance,0960-1627,Fin,2,,,,
Medical Care,0025-7079,HLTH,,1,1,2,
Medical Care,0025-7079,Santé,1,,,,
Medical Care Research and Review,1077-5587,HLTH,,2,3,3,
Medical Care and Research Review,1077-5587,Santé,3,,,,
Medical Decision Making,0272-989X,HLTH,,3,3,3,
Medical Decision Making,0272-989X,Santé,2,,,,
"Milbank Memorial Fund Quarterly - 
The Milbank Quarterly",0887-378X,HLTH,,1,,,
"Milbank Memorial Fund Quarterly - The Milbank 
Quarterly",0887-378X,Santé,2,,,,
Multinational Business Review,1525-383X,STRAT,,4,4,4,
Multinational Business Review,1525-383X,Strat,4,,,,
Multinational Finance Journal,1096-1879,FIN,,4,4,,
Multinational Finance Journal,1096-1879,Fin,4,,,,
NEGOCIATIONS,1780-9231,GEN MAN,,,,,4
NEGOTIATION JOURNAL,0748-4526,MKG,,,,,4
"NEW TECHNOLOGY, WORK AND EMPLOYMENT",0268-1072,HRM,,,,,3
NONPROFIT AND VOLUNTARY SECTOR QUARTERLY,0899-7640,SECTOR,,,,,2
NONPROFIT MANAGEMENT AND LEADERSHIP,1048-6682,SECTOR,,,,,4
NORTH AMERICAN ACTUARIAL JOURNAL,1092-0277,FIN,,,,,3
North American Actuarial Journal,1092-0277,FIN,,3,3,3,
North American Actuarial Journal,1092-0277,Fin,4,,,,
Négociations,1780-9231,"HRM / 
STRAT",,4,,,
OMEGA: THE INTERNATIONAL JOURNAL OF MANAGEMENT SCIENCE,0305-0483,GEN MAN,,,,,3
OPERATIONS RESEARCH,0030-364X,LOG,,,,,1*
ORGANIZATION,1350-5084,ORG STUD,,,,,2
ORGANIZATION AND ENVIRONMENT,1086-0266,ORG STUD,,,,,3
ORGANIZATION SCIENCE,1047-7039,ORG STUD,,,,,1*
ORGANIZATION STUDIES,0170-8406,ORG STUD,,,,,1
ORGANIZATION THEORY,2631-7877,ORG STUD,,,,,4
ORGANIZATIONAL BEHAVIOR AND HUMAN DECISION PROCESSES,0749-5978,HRM,,,,,1
ORGANIZATIONAL DYNAMICS,0090-2616,ORG STUD,,,,,2
ORGANIZATIONAL PSYCHOLOGY REVIEW,2041-3866,ORG STUD,,,,,4
ORGANIZATIONAL RESEARCH METHODS,1094-4281,ORG STUD,,,,,1
OXFORD BULLETIN OF ECONOMICS AND STATISTICS,0305-9049,ECON,,,,,3
OXFORD ECONOMIC PAPERS,0030-7653,ECON,,,,,3
Operations Research,0030-364X,LOG,,,1,1,
Organization,1350-5084,ORG STUD,,1,2,2,
Organization,1350-5084,THO,1,,,,
Organization Science,1047-7039,ORG STUD,,1,1,1,
Organization Science,1047-7039,THO,1,,,,
Organization Studies,0170-8406,ORG STUD,,1,1,1,
Organization Studies,0170-8406,THO,1,,,,
Organization and Environment,1086-0266,ORG STUD,,3,3,3,
Organization and Environment,1086-0266,THO,3,,,,
"Organizational Behavior and 
Human Decision Processes",0749-5978,HRM,,1,,1,
"Organizational Behavior and Human 
Decision Processes",0749-5978,HRM,,,1,,
"Organizational Behavior and Human Decision 
Processes",0749-5978,GRH,1,,,,
Organizational Dynamics,0090-2616,ORG STUD,,2,2,2,
Organizational Dynamics,0090-2616,THO,2,,,,
Organizational Psychology Review,2041-3866,ORG STUD,,,,4,
Organizational Research Methods,1094-4281,ORG STUD,,2,1,1,
Organizational Research Methods,1094-4281,THO,2,,,,
PACIFIC BASIN FINANCE JOURNAL,0927-538X,FIN,,,,,3
PAPERS IN REGIONAL SCIENCE,1056-8190,REG&ENV,,,,,3
PERSONNEL PSYCHOLOGY,0031-5826,HRM,,,,,1
PERSONNEL REVIEW,0048-3486,HRM,,,,,3
PHILOSOPHY OF MANAGEMENT,1740-3812,GEN MAN,,,,,4
POLICY AND POLITICS,0305-5736,PUB SEC,,,,,3
POLITIQUES ET MANAGEMENT PUBLIC,0758-1726,PUB SEC,,,,,3
POST-COMMUNIST ECONOMIES,1463-1377,ECON,,,,,4
PRODUCTION AND INVENTORY MANAGEMENT JOURNAL,0897-8336,LOG,,,,,4
PRODUCTION AND OPERATIONS MANAGEMENT,1059-1478,LOG,,,,,1
PRODUCTION PLANNING AND CONTROL,0953-7287,LOG,,,,,2
PROJECT MANAGEMENT JOURNAL,8756-9728,GEN MAN,,,,,4
PSYCHOLOGY AND MARKETING,0742-6046,MKG,,,,,2
PUBLIC ADMINISTRATION AND DEVELOPMENT,0271-2075,PUB SEC,,,,,3
PUBLIC ADMINISTRATION REVIEW,0033-3352,PUB SEC,,,,,1
PUBLIC ADMINISTRATION: AN INTERNATIONAL QUARTERLY,0033-3298,PUB SEC,,,,,2
PUBLIC HEALTH,0033-3506,HLTH,,,,,4
PUBLIC MANAGEMENT REVIEW,1471-9037,PUB SEC,,,,,3
PUBLIC MONEY AND MANAGEMENT,0954-0962,PUB SEC,,,,,3
PUBLIC ORGANIZATION REVIEW,1566-7170,PUB SEC,,,,,4
Pacific Basin Finance Journal,0927-538X,FIN,,3,3,3,
Pacific Basin Finance Journal,0927-538X,Fin,3,,,,
Personnel Psychology,0031-5826,GRH,1,,,,
Personnel Psychology,0031-5826,HRM,,1,1,1,
Personnel Review,0048-3486,GRH,3,,,,
Personnel Review,0048-3486,HRM,,3,3,3,
Pharmacoeconomics,1170-7690,Santé,2,,,,
Policy and Politics,0305-5736,PUB SEC,,2,3,3,
Policy and Politics,0305-5736,Publique,2,,,,
Politiques et Management Public,0758-1726,PUB SEC,,4,4,4,
Politiques et Management Public,0758-1726,Publique,4,,,,
Production Planning and Control,0953-7287,LOG,,2,2,2,
Production Planning and Control,0953-7287,Log,2,,,,
"Production and Inventory 
Management Journal",0897-8336,LOG,,3,3,4,
Production and Inventory Management Journal,0897-8336,Log,3,,,,
"Production and Operations 
Management",1059-1478,LOG,,1,,1,
Production and Operations Management,1059-1478,LOG,,,1,,
Production and Operations Management,1059-1478,Log,1,,,,
Psychology and Marketing,0742-6046,MKG,,2,2,2,
Psychology and Marketing,0742-6046,Mkg,2,,,,
Public Administration Review,0033-3352,PUB SEC,,1,1,1,
Public Administration Review,0033-3352,Publique,1,,,,
"Public Administration and 
Development",0271-2075,PUB SEC,,3,,3,
Public Administration and Development,0271-2075,PUB SEC,,,3,,
Public Administration and Development,0271-2075,Publique,3,,,,
"Public Administration: 
An International Quarterly",0033-3298,PUB SEC,,3,3,3,
Public Administration: An International Quarterly,0033-3298,Publique,3,,,,
Public Health,0033-3506,HLTH,,4,4,4,
Public Health,0033-3506,Santé,3,,,,
Public Management Review,1471-9037,PUB SEC,,3,3,3,
Public Management Review,1471-9037,Publique,3,,,,
Public Money and Management,0954-0962,PUB SEC,,3,3,3,
Public Money and Management,0954-0962,Publique,3,,,,
Public Organization Review,1566-7170,PUB SEC,,4,4,4,
Public Organization Review,1566-7170,Publique,3,,,,
QUALITATIVE MARKET RESEARCH,1352-2752,MKG,,,,,4
QUALITATIVE RESEARCH,1468-7941,SOC,,,,,4
QUALITATIVE RESEARCH IN ACCOUNTING AND MANAGEMENT,1176-6093,ACC,,,,,4
QUALITY OF LIFE RESEARCH,0962-9343,HLTH,,,,,3
QUANTITATIVE FINANCE,1469-7688,FIN,,,,,3
QUANTITATIVE MARKETING AND ECONOMICS,1570-7156,MKG,,,,,2
QUARTERLY JOURNAL OF ECONOMICS,0033-5533,ECON,,,,,1*
QUESTION(S) DE MANAGEMENT,2262-7030,GEN MAN,,,,,4
Qualitative Market Research,1352-2752,MKG,,4,4,4,
Qualitative Market Research,1352-2752,Mkg,4,,,,
Qualitative Research,1468-7941,RES METH,,,,4,
Quality Management Journal,1068-6967,LOG,,4,4,,
Quality Management Journal,1068-6967,Log,4,,,,
Quality and Safety in Health Care,1475-3898,Santé,2,,,,
Quality of Life Research,0962-9343,HLTH,,3,3,3,
Quality of Life Research,0962-9343,Santé,3,,,,
Quantitative Finance,1469-7688,FIN,,3,3,3,
Quantitative Finance,1469-7688,Fin,3,,,,
Quantitative Marketing & Economics,1570-7156,MKG,,3,,,
Quantitative Marketing & Economics,1570-7156,Mkg,3,,,,
"Quantitative Marketing and 
Economics",1570-7156,MKG,,,,2,
Quantitative Marketing and Economics,1570-7156,MKG,,,3,,
Question(s) de Management,2262-7030,GEN MAN,,,4,4,
R&D MANAGEMENT,0033-6807,INNOV,,,,,2
R&D Management,0033-6807,INNOV,,2,2,2,
R&D Management,0033-6807,Innov,3,,,,
RAND JOURNAL OF ECONOMICS,0741-6261,ECON,,,,,1
REAL ESTATE ECONOMICS,1080-8620,FIN,,,,,3
RECHERCHE ET APPLICATIONS EN MARKETING,0767-3701,MKG,,,,,2
RECHERCHE ET CAS EN SCIENCES DE GESTION,2646-6546,GEN MAN,,,,,4
RECHERCHES EN SCIENCES DE GESTION - MANAGEMENT SCIENCES - CIENCIAS DE GESTION,2259-6372,GEN MAN,,,,,3
REGIONAL SCIENCE AND URBAN ECONOMICS,0166-0462,REG&ENV,,,,,3
REGIONAL STUDIES,0034-3404,REG&ENV,,,,,2
RELATIONS INDUSTRIELLES - INDUSTRIAL RELATIONS,0034-379X,HRM,,,,,2
RELATIONS INDUSTRIELLES / INDUSTRIAL RELATIONS,0034-379X,HRM,,,,,3
RESEARCH IN INTERNATIONAL BUSINESS AND FINANCE,0275-5319,FIN,,,,,3
RESEARCH IN ORGANIZATIONAL BEHAVIOR,0191-3085,ORG STUD,,,,,2
RESEARCH POLICY,0048-7333,INNOV,,,,,1*
RESEARCH-TECHNOLOGY MANAGEMENT,0895-6308,GEN MAN,,,,,3
RESOURCE AND ENERGY ECONOMICS,0928-7655,ECON,,,,,3
REVENUE DE L'ENTREPRENEURIAT,1766-2524,INNOV,,,,,2
REVIEW OF ACCOUNTING AND FINANCE,1475-7702,ACC,,,,,4
REVIEW OF ACCOUNTING STUDIES,1380-6653,ACC,,,,,1
REVIEW OF ASSET PRICING STUDIES,2045-9939,FIN,,,,,4
REVIEW OF CORPORATE FINANCE STUDIES,2046-9136,FIN,,,,,3
REVIEW OF DERIVATIVES RESEARCH,1380-6645,FIN,,,,,3
REVIEW OF ECONOMIC DYNAMICS,1094-2025,ECON,,,,,2
REVIEW OF ECONOMIC STUDIES,0034-6527,ECON,,,,,1*
REVIEW OF ECONOMICS AND STATISTICS,0034-6535,ECON,,,,,1
REVIEW OF FINANCE,1572-3097,FIN,,,,,1
REVIEW OF FINANCIAL ECONOMICS,1058-3300,FIN,,,,,4
REVIEW OF FINANCIAL STUDIES,0893-9454,FIN,,,,,1*
REVIEW OF INDUSTRIAL ORGANIZATION,0889-938X,GEN MAN,,,,,3
REVIEW OF INTERNATIONAL ECONOMICS,0965-7576,ECON,,,,,3
REVIEW OF MANAGERIAL SCIENCE,1863-6683,GEN MAN,,,,,4
REVIEW OF PUBLIC PERSONNEL ADMINISTRATION,0734-371X,HRM,,,,,4
REVIEW OF QUANTITATIVE FINANCE AND ACCOUNTING,0924-865X,FIN,,,,,3
REVUE D'ÉCONOMIE FINANCIERE,0987-3368,FIN,,,,,4
REVUE DE GESTION DES RESSOURCES HUMAINES,1163-913X,HRM,,,,,2
REVUE DE L'ORGANISATION RESPONSABLE (ROR),1951-0187,GEN MAN,,,,,3
"REVUE EUROPEENNE D'ECONOMIE ET DE MANAGEMENT DES SERVICES (EX ECO & SOCIETE, SERIE ECONOMIE ET GESTION DES",2497-0107,GEN MAN,,,,,EM
REVUE FRANÇAISE DE GESTION,0338-4551,GEN MAN,,,,,2
REVUE FRANÇAISE DE GESTION INDUSTRIELLE,0242-9780,LOG,,,,,EM
REVUE FRANÇAISE DE GOUVERNANCE D'ENTREPRISE,1962-2961,GEN MAN,,,,,4
"REVUE INTERDISCIPLINAIRE SUR LE MANAGEMENT, HOMME & ENTREPRISE (RIMHE)",2259-2490,GEN MAN,,,,,3
REVUE INTERNATIONALE DE PSYCHOSOCIOLOGE ET DE GESTION DES COMPORTEMENTS ORGANISATIONNELS (RIPCO),1260-1705,HRM,,,,,3
REVUE INTERNATIONALE PME (RIPME),0776-5436,INNOV,,,,,2
Real Estate Economics,1080-8620,FIN,,3,3,3,
Real Estate Economics,1080-8620,Fin,3,,,,
"Recherche et Applications en 
Marketing",0767-3701,MKG,,2,,2,
Recherche et Applications en Marketing,0767-3701,MKG,,,2,,
Recherche et Applications en Marketing,0767-3701,Mkg,2,,,,
"Recherche et Cas en Sciences de 
Gestion",2117-802X,GEN MAN,,,,4,
"Recherches en Sciences de Gestion - 
Management Sciences - 
Ciencias de Gestión",1634-7056,GEN MAN,,,,3,
"Recherches en Sciences de Gestion - 
Management Sciences - Ciencias de 
Gestión",1634-7056,GEN MAN,,3,3,,
"Recherches en Sciences de Gestion - 
Management Sciences - Ciencias de Gestión ( 
Ancien nom : Revue Sciences de Gestion)",1634-7056,MgtGen,4,,,,
"Relations Industrielles / 
Industrial Relations",0034-379X,HRM,,,,3,
"Relations Industrielles / Industrial 
Relations",0034-379X,HRM,,3,3,,
Relations Industrielles / Industrial Relations,0034-379X,GRH,3,,,,
Resaddersse International,2103-8651,GEN MAN,,,,4,
Research Policy,0048-7333,INNOV,,1,1,1,
Research Policy,0048-7333,Innov,2,,,,
"Research in International Business 
and Finance",0275-5319,FIN,,4,4,4,
Research in International Business and Finance,0275-5319,Fin,4,,,,
Research in Organizational Behavior,0191-3085,ORG STUD,,2,2,2,
Research in Organizational Behavior,0191-3085,THO,2,,,,
Review of Accounting Studies,1380-6653,ACC,,1,1,1,
Review of Accounting Studies,1380-6653,CPT,1,,,,
Review of Accounting and Finance,1475-7702,ACC,,4,4,4,
Review of Accounting and Finance,1475-7702,CPT,4,,,,
Review of Asset Pricing Studies,2045-9920,FIN,,,4,4,
Review of Corporate Finance Studies,2046-9128,FIN,,,4,3,
Review of Derivatives Research,1380-6645,FIN,,4,3,3,
Review of Derivatives Research,1380-6645,Fin,4,,,,
"Review of Finance 
(ex European Finance Review)",1572-3097,FIN,,,,1,
"Review of Finance 
(ex-European Finance Review)",1572-3097,FIN,,,1,,
"Review of Finance (ex-European 
Finance Review)",1572-3097,FIN,,1,,,
Review of Finance (ex-European Finance Review),1382-6662,Fin,1,,,,
Review of Financial Economics,1058-3300,FIN,,4,4,4,
Review of Financial Economics,1058-3300,Fin,4,,,,
Review of Financial Studies,0893-9454,FIN,,1,1,1,
Review of Financial Studies,0893-9454,Fin,1,,,,
Review of Industrial Organization,0889-938X,GEN MAN,,,,3,
"Review of Public Personnel 
Administration",0734-371X,HRM,,,,4,
"Review of Public Personnel Adminis-
tration",0734-371X,HRM,,4,,,
Review of Public Personnel Administration,0734-371X,GRH,4,,,,
Review of Public Personnel Administration,0734-371X,HRM,,,4,,
"Review of Quantitative Finance 
and Accounting",0924-865X,FIN,,,,3,
"Review of Quantitative Finance and 
Accounting",0924-865X,FIN,,3,3,,
Review of Quantitative Finance and Accounting,0924-865X,Fin,3,,,,
Revue Française d'Administration Publique,0152-7401,Publique,4,,,,
Revue Française de Gestion,0338-4551,GEN MAN,,3,2,2,
Revue Française de Gestion,0338-4551,MgtGen,4,,,,
"Revue Française de Gestion 
Industrielle",0242-9780,LOG,,4,,,
Revue Française de Gestion industrielle,0242-9780,Log,4,,,,
"Revue Française de Gouvernance 
d'Entreprise",1962-2961,GEN MAN,,,4,4,
Revue Française de Marketing,0035-3051,MKG,,4,4,,
"Revue Française de l'Administration 
Publique",0152-7401,PUB SEC,,4,4,,
Revue Française du Marketing,0035-3051,Mkg,4,,,,
Revue Humanisme  et Entreprise,0018-7372,GRH,4,,,,
"Revue Interdisciplinaire Management, 
Homme et Entreprise (RIMHE)",2259-2490,GEN MAN,,,4,,
"Revue Interdisciplinaire sur le 
Management, Homme & Entreprise 
(RIMHE)",2259-2490,GEN MAN,,,,3,
"Revue Interdisciplinaire,  
Management, Homme(s) &  
Entreprise (RIMHE)",2259-2490,GEN MAN,,4,,,
Revue Internationale PME,0776-5436,Innov,4,,,,
Revue Internationale PME (RIPME),0776-5436,INNOV,,3,3,3,
"Revue Internationale de 
Psychosociologie et de Gestion des 
Comportements Organisationnels 
(RIPCO)",1260-1705,HRM,,4,,,
"Revue Internationale de Psychosociolo-
gie et de Gestion des Comportements 
Organisationnels (RIPCO)",1260-1705,HRM,,,4,,
"Revue Internationale de Psychosociologie 
et de Gestion des Comportements 
Organisationnels (RIPCO)",1260-1705,HRM,,,,4,
Revue d'Economie Financière,1777-5744,FIN,,4,4,4,
Revue d'Economie Financière,1777-5744,Fin,4,,,,
"Revue de Gestion des Ressources 
Humaines",1163-913X,HRM,,2,2,2,
Revue de Gestion des Ressources Humaines,1163-913X,GRH,3,,,,
Revue de l'Entrepreneuriat,1630-7542,INNOV,,3,2,2,
Revue de l'Entrepreneuriat,1630-7542,Innov,4,,,,
Revue de l'Organisation Responsable,1951-0187,GEN MAN,,4,4,,
Revue de l'Organisation Responsable,1951-0187,MgtGen,4,,,,
"Revue de l'Organisation Responsable 
(ROR)",1951-0187,GEN MAN,,,,4,
Réseaux,0751-7971,MIS,,4,4,4,
Réseaux,0751-7971,SI,4,,,,
SCANDINAVIAN JOURNAL OF ECONOMICS,0347-0520,ECON,,,,,3
SCANDINAVIAN JOURNAL OF MANAGEMENT,0956-5221,GEN MAN,,,,,3
SCHMALENBACH BUSINESS REVIEW,1439-2917,GEN MAN,,,,,4
SERVICE INDUSTRIES JOURNAL,0264-2069,SECTOR,,,,,4
SIAM JOURNAL ON FINANCIAL MATHEMATICS,1945-497X,FIN,,,,,4
SMALL BUSINESS ECONOMICS,0921-898X,INNOV,,,,,2
SMALL GROUP RESEARCH,1046-4964,ORG STUD,,,,,4
SOCIAL BUSINESS,2044-4087,GEN MAN,,,,,4
SOCIAL FORCES,0037-7732,SOC,,,,,3
SOCIAL NETWORKS,0378-8733,SOC,,,,,4
SOCIAL SCIENCE AND MEDICINE,0277-9536,HLTH,,,,,2
SOCIETY AND BUSINESS REVIEW,1746-5680,STRAT,,,,,4
SOCIO-ECONOMIC PLANNING SCIENCES: THE INTERNATIONAL JOURNAL OF PUBLIC SECTOR DECISION-MAKING,0038-0121,SOC,,,,,4
SOCIO-ECONOMIC REVIEW,1475-1461,SOC,,,,,2
SOCIOLOGICAL METHODS & RESEARCH,0049-1241,SOC,,,,,4
SOCIOLOGY,0038-0385,SOC,,,,,2
SPORT MANAGEMENT REVIEW,1441-3523,SECTOR,,,,,4
SPORT MARKETING QUARTERLY,1061-6934,MKG,,,,,4
STRATEGIC CHANGE,1086-1718,STRAT,,,,,4
STRATEGIC ENTREPRENEURSHIP JOURNAL,1932-4391,INNOV,,,,,1
STRATEGIC MANAGEMENT JOURNAL,0143-2095,STRAT,,,,,1*
STRATEGIC ORGANIZATION,1476-1270,STRAT,,,,,2
SUPPLY CHAIN FORUM: AN INTERNATIONAL JOURNAL,1625-8312,LOG,,,,,3
SUPPLY CHAIN MANAGEMENT: AN INTERNATIONAL JOURNAL,1359-8546,LOG,,,,,2
"SUSTAINABILITY ACCOUNTING, MANAGEMENT AND POLICY JOURNAL",2040-8021,ACC,,,,,3
SYSTEMES AGROALIMENTAIRES / FOOD SYSTEMS (EX ECONOMIES ET SOCIETES - SERIE AG (SYSTEMES AGROALIMENTAIRES),2555-4670,SECTOR,,,,,4
SYSTEMES D'INFORMATION ET MANAGEMENT,1260-4984,MIS,,,,,2
Scandinavian Journal of Management,0956-5221,GEN MAN,,3,3,3,
Scandinavian Journal of Management,0956-5221,MgtGen,3,,,,
Sciences Sociales et Santé,0294-0337,Santé,4,,,,
Small Business Economics,0921-898X,INNOV,,2,2,2,
Small Business Economics,0921-898X,Innov,2,,,,
Social Science and Medicine,0277-9536,HLTH,,1,1,2,
Social Science and Medicine,0277-9536,Santé,1,,,,
Society and Business Review,1746-5680,STRAT,,4,4,4,
Sociological Methods & Research,0049-1241,RES METH,,,,3,
Strategic Change,1086-1718,STRAT,,3,4,,
Strategic Change,1086-1718,Strat,3,,,,
Strategic Entrepreneurship Journal,1932-4391,INNOV,,2,2,1,
Strategic Entrepreneurship Journal,1932-4391,Innov,2,,,,
Strategic Management Journal,0143-2095,STRAT,,1*,1*,1*,
Strategic Management Journal,0143-2095,Strat,1*,,,,
Strategic Organization,1476-1270,STRAT,,3,2,2,
Strategic Organization,1476-1270,Strat,3,,,,
"Supply Chain Forum: 
An International Journal",1624-6039,LOG,,4,3,,
"Supply Chain Forum: 
An International Journal",1625-8312,LOG,,,,3,
Supply Chain Forum: An International Journal,1624-6039,Log,4,,,,
"Supply Chain Management: 
An International Journal",1359-8546,LOG,,3,2,2,
"Supply Chain Management: An International 
Journal",1359-8546,Log,3,,,,
"Sustainability Accounting, 
Management and Policy Journal",2040-8021,ACC,,4,4,3,
"Systèmes Agroalimentaires / 
Food systems (ex Economies et 
Sociétés - Série AG (Systèmes 
Agroalimentaires)",0013-0567,GEN MAN,,,,4,
"Systèmes d'Information et 
Management",1260-4984,MIS,,2,,2,
Systèmes d'Information et Management,1260-4984,MIS,,,2,,
Systèmes d'Information et Management,1260-4984,SI,2,,,,
TECHNOLOGICAL FORECASTING AND SOCIAL CHANGE,0040-1625,INNOV,,,,,2
TECHNOLOGY ANALYSIS AND STRATEGIC MANAGEMENT,0953-7325,STRAT,,,,,3
TECHNOVATION,0166-4972,INNOV,,,,,2
TELECOMMUNICATIONS POLICY,0308-5961,SECTOR,,,,,4
THE EUROPEAN JOURNAL OF FINANCE,1351-847X,FIN,,,,,3
THE GENEVA RISK AND INSURANCE REVIEW,1554-964X,FIN,,,,,3
THE INTERNATIONAL JOURNAL OF ACCOUNTING,1094-4060,ACC,,,,,3
THE INTERNATIONAL JOURNAL OF LOGISTICS MANAGEMENT,0957-4093,LOG,,,,,3
THE JOURNAL OF APPLIED BEHAVIORAL SCIENCE,0021-8863,GEN MAN,,,,,3
THE JOURNAL OF ENTREPRENEURSHIP,0971-3557,INNOV,,,,,4
THE LEARNING ORGANIZATION,0969-6474,ORG STUD,,,,,4
THE MILBANK QUARTERLY,0887-378X,HLTH,,,,,2
THE QUARTERLY REVIEW OF ECONOMICS AND FINANCE,1062-9769,FIN,,,,,4
"THEORY, CULTURE AND SOCIETY",0263-2764,SOC,,,,,3
THUNDERBIRD INTERNATIONAL BUSINESS REVIEW,1096-4762,STRAT,,,,,4
TOTAL QUALITY MANAGEMENT & BUSINESS EXCELLENCE,1478-3363,GEN MAN,,,,,4
TOURISM ANALYSIS,1083-5423,SECTOR,,,,,4
TOURISM ECONOMICS,1354-8166,SECTOR,,,,,4
TOURISM GEOGRAPHIES,1461-6688,SECTOR,,,,,4
TOURISM MANAGEMENT,0261-5177,SECTOR,,,,,1
TOURISM MANAGEMENT PERSPECTIVES,2211-9736,SECTOR,,,,,4
TOURISM PLANNING AND DEVELOPMENT (Formerly: Tourism and Hospitality Planning and Development),1479-053X,SECTOR,,,,,4
TOURISM RECREATION RESEARCH,0250-8281,SECTOR,,,,,4
TOURIST STUDIES,1468-7976,SECTOR,,,,,4
TRANSPORT REVIEWS,0144-1647,SECTOR,,,,,3
TRANSPORTATION,0049-4488,SECTOR,,,,,4
TRANSPORTATION RESEARCH A: POLICY AND PRACTICE,0965-8564,SECTOR,,,,,2
TRANSPORTATION RESEARCH B: METHODOLOGICAL,0191-2615,SECTOR,,,,,1
TRANSPORTATION RESEARCH D: TRANSPORT AND ENVIRONMENT,1361-9209,SECTOR,,,,,2
TRANSPORTATION RESEARCH PART E: LOGISTICS AND TRANSPORTATION REVIEW,1366-5545,LOG,,,,,2
"Technological Forecasting and 
Social Change",0040-1625,INNOV,,,,2,
"Technological Forecasting and Social 
Change",0040-1625,INNOV,,2,2,,
Technological Forecasting and Social Change,0040-1625,Innov,2,,,,
"Technology Analysis and Strategic 
Management",0953-7325,STRAT,,3,3,3,
Technology Analysis and Strategic Management,0953-7325,Strat,3,,,,
Technovation,0166-4972,INNOV,,3,3,2,
Technovation,0166-4972,Innov,3,,,,
"The Academy of Management 
Learning and Education",1537-260X,GEN MAN,,2,,,
"The Academy of Management Learning and 
Education",1537-260X,MgtGen,3,,,,
The Accounting Review,0001-4826,ACC,,,1*,1*,
The European Journal of Finance,1351-847X,FIN,,4,4,3,
The European Journal of Finance,1351-847X,Fin,4,,,,
"The Geneva Risk and Insurance 
Review",1554-964X,FIN,,,3,3,
"The International Journal of 
Accounting",0020-7063,ACC,,3,,3,
"The International Journal of 
Logistics Management",1094-4060,LOG,,,,3,
"The International Journal of 
Technology Assessment in 
Health Care",0266-4623,HLTH,,3,,,
The International Journal of Accounting,0020-7063,ACC,,,3,,
"The International Journal of Logistics 
Management",0957-4093,LOG,,,3,,
"The International Journal of Technology 
Assessment in Health",0266-4623,Santé,3,,,,
"The Journal of Applied Behavioral 
Science",0021-8863,ORG STUD,,,3,3,
The Journal of Entrepreneurship,0971-3557,INNOV,,,4,4,
The Learning Organization,0969-6474,ORG STUD,,,,4,
The Milbank Quarterly,0887-378X,HLTH,,,2,2,
"The Quarterly Review of Economics 
and Finance",1062-9769,FIN,,,,4,
"Thunderbird International Business 
Review",1096-4762,STRAT,,4,4,4,
Thunderbird International Business Review,1096-4762,Strat,4,,,,
Tourism Management,0261-5177,GEN MAN,,,2,,
Tourism Management,0261-5177,TOUR,,,,1,
"Transportation Research Part E: 
Logistics",1366-5545,Log,,2,,,
"Transportation Research Part E: 
Logistics and Transportation Review",1366-5545,LOG,,,2,2,
Transportation Research Part E: Logistics,1366-5545,Log,2,,,,
UTILITIES POLICY,0957-1787,SECTOR,,,,,4
VENTURE CAPITAL: AN INTERNATIONAL JOURNAL OF ENTREPRENEURIAL FINANCE,1369-1066,FIN,,,,,4
VIE ET SCIENCES DE L'ENTREPRISE,2262-5321,GEN MAN,,,,,4
"VINE Journal of Information and 
Knowledge Management Systems",2059- 5891,ORG STUD,,,4,,
VOLUNTAS: INTERNATIONAL JOURNAL OF VOLUNTARY AND NONPROFIT ORGANIZATIONS,0957-8765,GEN MAN,,,,,4
Value in Health,1098-3015,Santé,2,,,,
"Venture Capital : An International 
Journal of Entrepreneurial Finance",1369-1066,FIN,,4,,,
"Venture Capital: An International 
Journal of Entrepreneurial Finance",1369-1066,FIN,,,4,4,
Voluntas,0957-8765,GEN MAN,,4,4,4,
WORK AND OCCUPATIONS,0730-8884,HRM,,,,,3
WORK AND STRESS,0267-8373,HRM,,,,,3
"WORK, EMPLOYMENT AND SOCIETY",0950-0170,HRM,,,,,2
WORLD DEVELOPMENT,0305-750X,SOC,,,,,2
Work Employment and Society,0950-0170,GRH,3,,,,
Work Employment and Society,0950-0170,HRM,,3,,,
Work and Occupations,0730-8884,GRH,3,,,,
Work and Occupations,0730-8884,HRM,,3,3,3,
Work and Stress,0267-8373,GRH,3,,,,
Work and Stress,0267-8373,HRM,,3,3,3,
"Work, Employment and Society",0950-0170,HRM,,,3,2,
X WORLD BANK ECONOMIC REVIEW,0258-6770,ECON,,,,,2
XTRANSPORT POLICY,0967-070X,SECTOR,,,,,3
XURBAN STUDIES,0042-0980,REG&ENV,,,,,2
